employee_id,name,department,age,gender,work_mode,avg_weekly_hours,wellness_score,mental_health_sessions,fitness_activity_hours,absenteeism_days,productivity_score,satisfaction_level,last_promotion_date,training_hours
1,Stephen Brown,Finance,22,Male,Onsite,37.2,9.7,4,8.1,2,92.0,2.9,2021-01-26,31.0
2,Derek Anderson,Marketing,24,Male,Onsite,46.7,0.2,0,1.7,4,93.7,5.9,2021-09-18,3.0
3,Lisa Boyd,Finance,50,Male,Onsite,45.0,2.7,5,9.0,12,79.1,1.1,2021-02-25,16.7
4,Jessica Mcdonald,Finance,39,Other,Hybrid,35.9,0.8,4,8.1,2,84.1,1.6,2021-09-07,31.5
5,Christopher Jones,HR,30,Male,Hybrid,33.9,0.2,1,2.6,11,73.8,6.2,2024-10-07,24.6
6,Samuel Johnson,IT,23,Female,Hybrid,31.1,7.7,5,6.7,0,44.8,5.9,2021-08-09,39.0
7,Sarah Hill,R&D,55,Female,Hybrid,38.1,2.5,2,3.3,10,45.6,1.6,2023-04-06,27.1
8,Christine Morgan,Operations,30,Male,Hybrid,38.5,1.9,1,1.9,2,96.3,3.3,2022-09-29,26.0
9,Pamela Turner,Marketing,50,Female,Hybrid,49.1,6.8,1,6.6,5,44.4,8.0,2021-01-27,31.7
10,Mr. James Rodriguez,HR,43,Female,Hybrid,35.8,4.1,4,4.7,3,84.3,3.9,2024-03-28,5.3
11,Beth Brown,Operations,32,Female,Onsite,47.8,1.4,3,8.7,5,64.6,5.6,2023-03-19,34.1
12,Michelle Pitts,IT,42,Other,Hybrid,41.9,0.9,0,0.9,7,65.8,8.0,2021-01-21,4.2
13,Steven Hernandez,Operations,49,Male,Remote,45.3,5.0,5,0.9,8,42.7,8.6,2021-07-13,8.8
14,Christine Wilson,HR,22,Female,Onsite,35.8,8.8,2,0.8,4,78.5,7.1,2020-11-24,21.8
15,Javier Wells,Finance,55,Other,Hybrid,37.8,5.2,4,3.5,0,55.3,3.5,2024-12-03,35.7
16,Miss Jessica Mcdaniel,R&D,24,Male,Onsite,42.8,6.3,4,3.9,12,76.9,7.7,2025-02-14,19.6
17,Mr. Kenneth Clements IV,Finance,36,Female,Onsite,34.4,4.0,0,2.8,3,55.9,7.8,2022-04-17,33.8
18,Mary Patterson,Finance,23,Female,Onsite,41.6,2.5,5,4.8,6,53.9,9.5,2024-08-01,5.2
19,Sergio Rodriguez,IT,34,Other,Onsite,31.7,4.2,3,0.5,2,98.7,2.6,2024-09-20,25.8
20,Geoffrey Morris,Marketing,50,Other,Hybrid,45.5,4.9,1,3.1,5,85.4,9.3,2023-12-05,27.0
21,Jason Richard,HR,42,Male,Hybrid,42.1,1.9,4,0.8,10,96.4,6.2,2021-11-25,8.1
22,Brandy Robinson,IT,28,Male,Hybrid,34.0,3.2,2,6.0,8,57.3,7.5,2023-02-10,22.9
23,Edward Lopez,Finance,42,Male,Onsite,30.0,9.1,4,6.8,9,44.5,2.7,2021-01-07,2.3
24,Jesse Tucker,R&D,58,Female,Onsite,33.6,10.0,1,9.7,2,66.7,7.0,2021-11-14,15.7
25,Angela Rush,Marketing,42,Other,Hybrid,46.4,8.1,3,1.6,3,68.8,7.3,2023-05-24,13.7
26,Morgan Howard,Sales,37,Female,Onsite,47.6,5.8,1,7.6,9,71.2,3.8,2024-06-19,5.6
27,Bruce King,Sales,34,Male,Remote,40.9,6.4,3,2.6,11,97.6,3.0,2020-11-08,19.9
28,Raymond Montgomery,IT,43,Other,Remote,34.3,0.9,4,2.2,12,65.0,9.2,2025-01-03,28.7
29,Joseph Williams,Marketing,23,Other,Onsite,40.5,1.9,5,6.3,7,52.2,6.6,2024-01-04,26.7
30,Robert Donovan,IT,22,Male,Remote,44.6,0.1,0,6.9,2,50.7,4.1,2024-10-21,11.1
31,Daniel Lopez,Marketing,56,Male,Hybrid,31.3,9.8,0,4.5,6,96.6,7.5,2022-05-20,18.3
32,Ricardo Butler,Sales,44,Other,Remote,44.2,1.2,4,7.6,3,82.9,4.2,2024-08-28,37.2
33,Joseph Keller,IT,34,Female,Onsite,48.1,0.1,0,7.1,9,56.4,1.6,2021-10-06,26.0
34,James Mccormick MD,HR,53,Male,Hybrid,48.8,4.5,2,6.8,3,96.8,7.8,2024-05-11,5.9
35,Mallory Lopez,Sales,39,Male,Hybrid,37.5,6.9,5,8.6,4,97.9,4.3,2022-06-20,2.8
36,Michael Martinez,HR,57,Female,Hybrid,31.0,4.7,1,2.6,9,83.0,8.0,2024-05-22,11.9
37,Grant Stevenson,HR,56,Other,Onsite,47.9,3.4,5,4.6,11,82.9,6.8,2020-10-06,37.5
38,Brett Lang,Marketing,54,Male,Remote,48.3,3.2,3,9.0,10,92.3,2.6,2023-05-14,19.4
39,Harry Lynch,Marketing,39,Female,Hybrid,33.7,1.3,4,6.0,12,77.9,5.5,2022-05-31,40.0
40,Dennis Guzman,Marketing,22,Female,Remote,45.9,5.9,5,7.3,12,90.5,8.0,2023-12-07,8.6
41,Kevin Sanchez,Finance,45,Female,Remote,48.1,5.8,1,8.2,0,66.4,6.3,2020-10-11,11.6
42,Courtney Wood,Finance,27,Female,Onsite,36.6,9.8,3,4.6,12,65.5,7.5,2024-08-03,36.1
43,Brian Jackson,Operations,49,Male,Onsite,30.1,8.8,4,6.9,4,80.1,1.1,2021-03-27,7.6
44,Dr. Danielle Randall,Finance,31,Female,Remote,41.0,6.6,4,8.1,1,83.7,1.6,2024-09-09,11.5
45,Christina Wright,Finance,35,Male,Onsite,36.5,7.3,1,9.9,4,47.6,10.0,2022-08-31,21.6
46,Wendy Brown,Finance,40,Other,Remote,48.7,1.6,1,2.2,6,71.5,9.4,2022-02-28,39.6
47,Rachael Wagner,R&D,56,Other,Onsite,46.9,1.8,1,8.6,10,55.2,3.9,2021-02-13,5.2
48,Aaron Fisher,Marketing,40,Female,Hybrid,45.6,5.4,4,2.8,9,73.0,9.2,2021-12-07,22.9
49,John Simmons,Marketing,42,Female,Remote,43.5,2.5,3,4.4,6,81.3,6.0,2021-05-21,27.2
50,Emma Mcdonald,Finance,38,Male,Onsite,44.5,2.2,2,4.1,10,94.2,3.7,2024-12-10,0.0
51,Christopher Sullivan,Finance,39,Female,Hybrid,35.4,7.7,0,6.2,5,98.6,3.0,2022-11-09,36.5
52,Amanda Bruce,Operations,48,Female,Remote,44.9,8.4,5,9.4,6,75.3,5.1,2025-05-26,13.1
53,Brendan Lewis,Finance,47,Female,Remote,41.1,4.7,4,6.4,1,60.0,2.9,2022-06-10,15.0
54,Paul Moran,Finance,37,Female,Remote,39.4,8.8,0,8.0,10,90.0,6.4,2020-09-19,7.3
55,Matthew Fernandez,IT,37,Other,Hybrid,45.0,6.5,1,6.0,7,83.7,7.0,2024-09-02,33.8
56,Justin Lucas,R&D,58,Male,Hybrid,31.5,1.7,3,8.9,8,45.0,8.3,2022-01-25,10.8
57,Candice Lopez,R&D,29,Female,Remote,37.3,5.5,1,4.8,2,74.0,9.9,2024-03-20,20.3
58,Anthony Monroe,R&D,45,Male,Hybrid,43.9,3.9,2,3.2,8,72.6,7.7,2021-03-18,0.3
59,Krista Pruitt,R&D,57,Male,Hybrid,36.4,2.8,1,6.6,10,92.7,2.9,2023-05-14,15.7
60,Alyssa Garner,R&D,46,Female,Onsite,32.4,9.3,3,0.8,4,47.6,4.5,2022-04-15,14.2
61,Sara Thompson,Marketing,35,Male,Hybrid,49.5,2.1,5,1.7,10,84.4,4.3,2020-10-07,14.2
62,Jason Miller,Marketing,35,Male,Remote,40.8,4.9,5,3.6,0,56.7,4.9,2022-07-21,37.7
63,Joseph Harvey,HR,38,Female,Hybrid,43.7,0.3,3,6.9,2,94.5,7.4,2021-11-02,10.8
64,Monique Montes,Finance,48,Male,Hybrid,45.7,8.5,1,7.6,4,85.0,7.9,2024-03-01,17.2
65,Cheryl Herrera,Sales,31,Female,Remote,30.9,1.0,0,4.3,1,87.3,5.9,2023-09-11,7.6
66,Brenda Long,Marketing,37,Female,Onsite,32.6,7.4,4,5.0,5,82.3,6.4,2022-05-07,4.0
67,Richard Alexander,HR,25,Other,Onsite,31.9,8.9,4,2.8,10,87.5,6.4,2025-07-31,0.6
68,Jacob Sullivan,IT,60,Male,Onsite,30.6,7.3,4,8.4,6,53.0,9.2,2025-01-23,10.6
69,Crystal Shaw,Operations,52,Other,Onsite,49.6,7.9,0,0.3,8,74.8,7.3,2025-07-31,4.1
70,Jessica Johnson,Operations,51,Male,Remote,48.5,4.8,5,8.0,7,43.4,9.5,2021-06-22,28.7
71,John Meyer,R&D,51,Female,Onsite,35.3,2.8,5,1.6,10,65.9,3.9,2022-09-14,29.2
72,Haley Gilbert,Finance,59,Female,Onsite,34.4,7.2,4,2.1,1,63.9,1.4,2025-01-19,5.3
73,David Ramirez,HR,39,Male,Remote,39.5,4.4,2,7.3,9,87.1,4.4,2020-11-16,27.7
74,Kristina Wells,Operations,44,Female,Remote,45.6,8.1,4,3.3,4,49.4,9.2,2024-06-17,26.2
75,Cheryl Mason,IT,46,Male,Hybrid,49.1,0.7,4,0.1,8,62.8,3.6,2022-10-31,39.0
76,Robert Price,IT,27,Male,Hybrid,37.7,1.9,2,9.9,8,94.5,9.9,2024-03-02,0.5
77,John Campbell,Operations,53,Other,Remote,35.6,2.5,4,6.7,7,87.5,4.1,2022-02-13,12.3
78,Rachael Bishop,Finance,31,Female,Hybrid,41.1,1.8,5,2.1,1,45.3,1.6,2022-02-25,18.5
79,Jennifer Sanchez,Sales,47,Male,Hybrid,46.6,1.8,0,3.0,8,74.0,9.0,2024-04-27,37.7
80,Kenneth Santiago,R&D,49,Male,Remote,45.0,3.6,0,0.3,3,46.3,3.9,2023-05-29,2.4
81,Keith Simpson,Operations,38,Other,Remote,46.8,5.1,0,4.7,6,60.7,8.0,2023-05-01,14.8
82,Timothy Chavez,Marketing,39,Male,Hybrid,30.7,0.2,2,4.5,4,61.8,6.8,2023-12-09,7.0
83,Rebecca Luna,R&D,41,Male,Hybrid,31.3,6.5,2,6.1,10,72.8,2.8,2021-09-19,5.5
84,Billy Ortiz,Operations,56,Other,Onsite,37.5,5.5,5,5.1,1,95.7,2.1,2020-10-24,20.9
85,Elizabeth Baker,Sales,30,Female,Hybrid,42.7,7.2,3,2.0,12,99.1,8.5,2021-09-15,20.8
86,Mike Webster,Operations,50,Other,Onsite,42.3,9.3,2,0.1,7,89.8,6.1,2023-08-21,10.2
87,John Mcbride,Marketing,27,Other,Onsite,30.9,3.1,2,9.3,0,75.5,9.6,2020-10-23,15.1
88,Joshua Young,IT,38,Male,Onsite,39.1,2.4,3,1.1,5,90.1,3.1,2023-06-21,20.2
89,Kathleen Ryan,Finance,48,Male,Onsite,46.6,0.1,5,3.4,8,41.8,1.9,2023-10-19,15.2
90,Andrea Davis,R&D,51,Male,Onsite,40.2,5.2,0,2.8,2,42.9,3.4,2025-08-11,0.0
91,Lisa White,HR,51,Female,Onsite,34.6,4.7,4,1.5,9,97.1,9.6,2024-06-28,23.1
92,Stacy Hicks,R&D,52,Other,Remote,46.6,2.5,1,1.1,11,48.7,5.1,2020-12-14,23.9
93,Ashley Haney,Operations,39,Other,Remote,31.7,7.8,1,8.9,3,63.7,4.5,2022-05-28,12.8
94,Kristen Johnson,Operations,42,Other,Remote,44.5,2.6,0,0.9,8,45.1,8.5,2022-07-14,2.3
95,Rebecca Goodwin,IT,39,Female,Remote,48.4,5.4,1,8.2,2,65.4,7.3,2023-09-30,7.2
96,Dr. Ashley Lewis MD,HR,40,Other,Hybrid,48.5,9.6,0,8.0,7,79.3,1.4,2023-05-03,5.6
97,Ethan Mcneil,IT,38,Female,Hybrid,43.1,1.3,0,7.4,5,59.0,4.6,2020-10-24,30.2
98,Jason Pierce,Sales,22,Male,Onsite,43.4,8.2,1,1.3,4,46.4,8.4,2024-09-03,21.8
99,Tammy Gould,Sales,31,Male,Onsite,45.7,1.1,2,7.7,4,78.3,8.9,2021-03-17,6.1
100,Christopher Harris,IT,45,Female,Hybrid,48.4,5.8,0,3.4,6,66.0,1.9,2022-04-12,3.8
101,William Lewis,Marketing,22,Other,Hybrid,33.3,5.6,0,8.7,7,81.4,3.7,2023-05-31,31.9
102,Wendy Thomas,R&D,28,Other,Hybrid,44.8,7.5,0,7.5,10,40.6,5.4,2021-02-07,6.9
103,Mr. Jeffrey Porter Jr.,IT,45,Male,Onsite,40.3,7.1,1,8.6,8,76.4,1.2,2023-09-13,13.0
104,Nancy Cruz,IT,50,Other,Onsite,42.8,0.8,0,4.4,12,88.9,6.9,2025-05-01,15.4
105,Martha Hester MD,HR,24,Other,Remote,39.1,1.2,2,8.0,10,95.9,6.0,2024-08-02,19.5
106,Brooke Nunez,Finance,44,Other,Hybrid,42.4,3.0,4,3.9,11,85.3,3.6,2022-02-21,13.5
107,Andrea Hogan,HR,50,Female,Hybrid,40.4,6.6,1,5.1,3,49.5,6.1,2021-10-31,2.6
108,Claudia Jones,IT,24,Female,Hybrid,39.6,1.6,4,4.0,12,84.3,1.7,2024-02-25,27.7
109,Ryan Morse,IT,59,Other,Hybrid,31.3,3.1,2,4.8,2,95.3,8.8,2025-06-21,31.3
110,Jonathan Knight,Finance,52,Male,Remote,35.7,2.1,2,2.1,9,63.1,8.8,2020-11-27,39.7
111,Samantha Brown,Marketing,27,Other,Hybrid,40.1,0.6,0,9.7,6,90.1,7.3,2023-09-28,24.4
112,Laura Mason,Operations,55,Other,Remote,39.7,5.6,1,7.3,2,74.6,1.8,2024-09-04,33.5
113,Luke Waters,R&D,23,Female,Remote,46.9,7.5,0,7.8,2,78.6,3.7,2020-12-10,15.7
114,Sheryl Hudson,Sales,42,Male,Remote,35.3,3.5,5,7.4,4,78.1,1.3,2021-01-30,11.6
115,Heather Edwards,Marketing,54,Male,Onsite,41.7,5.4,2,3.1,8,77.6,3.9,2020-11-29,1.9
116,Jackson Higgins,Operations,32,Other,Onsite,47.5,2.1,3,5.4,12,55.2,4.4,2025-04-24,7.6
117,Jeffrey Ball,Marketing,32,Other,Remote,48.2,1.5,3,1.6,3,55.4,3.0,2025-04-07,15.1
118,Kyle Francis,HR,59,Male,Onsite,38.7,8.7,3,8.0,2,88.5,3.4,2025-02-16,8.3
119,Sara Martinez,Operations,30,Female,Onsite,40.1,3.7,4,5.6,0,63.8,5.9,2024-11-29,10.3
120,Linda Kaufman,R&D,35,Male,Remote,47.4,7.9,2,4.4,7,66.3,6.0,2021-09-03,34.4
121,Angel Clark,Sales,30,Male,Remote,32.8,9.0,4,5.4,5,56.9,8.4,2021-05-31,20.8
122,Rhonda Rivera,Marketing,57,Male,Remote,49.3,4.3,4,9.8,3,88.8,4.0,2024-06-23,5.6
123,Lori Brown,HR,25,Female,Remote,48.2,2.9,1,0.5,6,84.1,3.9,2025-06-06,19.9
124,Brittney Williams,IT,58,Female,Hybrid,45.0,7.6,2,1.7,0,72.9,7.9,2025-08-09,5.3
125,Christina Williams,Marketing,54,Male,Remote,31.6,8.9,4,6.8,4,44.1,6.5,2022-06-08,6.7
126,Mr. Jerry Vance,R&D,43,Male,Hybrid,45.0,2.4,4,8.0,7,94.1,2.1,2023-11-16,17.1
127,Ross Obrien,R&D,44,Other,Onsite,49.0,0.3,0,6.6,0,98.9,3.2,2025-07-02,27.7
128,Dennis Gregory,Marketing,59,Other,Onsite,45.4,4.4,0,4.4,6,83.7,7.3,2021-11-21,1.9
129,Lisa Stokes,Sales,35,Male,Onsite,36.7,8.0,1,8.2,4,88.0,5.1,2025-08-17,33.4
130,Jose Holt,Sales,27,Other,Remote,46.9,9.9,1,8.4,6,77.8,4.5,2021-10-02,35.0
131,Beverly Sutton,Marketing,33,Male,Hybrid,37.0,5.8,3,6.3,5,52.6,6.0,2024-12-05,36.6
132,Jordan Collier,R&D,28,Other,Remote,39.6,4.2,1,6.0,11,52.3,6.0,2024-06-26,35.1
133,Nancy Simmons,Finance,30,Other,Remote,38.2,7.3,3,1.2,7,72.9,6.1,2023-08-28,12.5
134,Laura Crawford,Marketing,47,Other,Remote,33.9,5.1,2,6.8,6,72.2,4.3,2025-07-15,20.1
135,Angela Lamb,Operations,56,Other,Remote,42.6,8.4,1,2.6,4,44.0,6.7,2023-02-20,10.9
136,Kelly Rice,IT,35,Other,Onsite,30.6,4.0,5,10.0,8,89.2,2.0,2025-01-12,29.9
137,Robert Alvarado,Operations,54,Female,Onsite,39.1,7.6,1,1.9,4,93.8,9.9,2022-03-25,14.2
138,Brittany Gonzalez,R&D,38,Other,Hybrid,43.3,1.1,4,4.4,5,95.3,3.3,2021-03-27,18.3
139,Sandra Tapia,Operations,40,Female,Onsite,47.0,7.3,0,2.5,4,52.3,6.9,2025-05-22,13.8
140,Deborah Thompson,Finance,34,Other,Remote,38.9,4.8,4,0.5,12,98.7,2.6,2021-11-03,34.6
141,Theresa Schneider,Finance,22,Female,Onsite,32.8,8.8,4,8.8,3,96.1,2.8,2023-10-28,10.3
142,Erin Williams,Sales,33,Other,Remote,45.6,7.1,4,4.1,11,97.4,6.7,2021-03-11,25.1
143,Roberto Powell,Operations,48,Male,Hybrid,30.3,3.1,5,9.1,10,58.8,2.4,2025-08-16,23.5
144,Joseph Payne,R&D,23,Male,Hybrid,41.2,1.6,2,4.9,12,89.8,7.6,2025-07-31,32.8
145,John Martin,IT,23,Male,Onsite,31.8,3.7,4,6.5,2,75.8,5.1,2024-01-11,18.4
146,Kendra Gonzalez,Marketing,32,Other,Hybrid,40.6,7.9,4,0.2,3,42.1,4.2,2024-11-09,16.8
147,Austin Espinoza,Finance,33,Other,Onsite,38.3,0.0,1,5.5,12,77.5,8.5,2023-08-04,39.7
148,Destiny Jordan,HR,25,Female,Onsite,49.9,10.0,3,3.9,5,74.3,6.1,2024-10-02,2.3
149,Christopher White,Sales,32,Other,Hybrid,33.7,7.2,0,0.9,1,97.8,7.0,2021-12-07,9.0
150,Julia Smith,Finance,31,Male,Hybrid,49.3,9.4,4,6.0,9,51.1,6.2,2024-03-19,19.2
151,Ronald Hurley,Operations,51,Male,Onsite,40.2,3.3,5,2.3,8,58.5,8.2,2021-08-16,6.0
152,Brian Donovan,IT,22,Other,Onsite,39.4,7.7,0,0.2,4,96.3,5.2,2024-01-22,7.6
153,Christopher Woodard,R&D,33,Male,Onsite,39.7,3.7,5,5.1,9,58.8,5.8,2020-11-22,35.3
154,Lisa Taylor,IT,51,Female,Remote,30.7,1.9,3,8.1,6,84.8,2.9,2021-01-11,2.5
155,Christopher Fowler,HR,41,Female,Onsite,32.2,0.5,4,1.9,5,94.3,9.9,2021-11-28,32.3
156,Amanda Ewing,HR,29,Female,Hybrid,43.0,6.7,5,3.6,5,70.4,5.4,2021-08-01,20.7
157,Kimberly Dudley,Finance,39,Other,Onsite,45.3,4.7,2,0.1,10,63.9,3.9,2021-06-26,33.6
158,Zachary Henderson,Finance,43,Other,Remote,40.9,3.6,2,5.6,3,65.1,3.7,2025-02-14,15.7
159,Rebecca Cruz,Finance,49,Female,Remote,31.3,5.4,5,0.0,5,78.6,2.2,2024-03-30,15.2
160,Johnny Alexander,R&D,60,Male,Onsite,31.3,9.0,2,8.4,9,84.6,4.3,2022-08-20,4.7
161,Monique Edwards,Operations,26,Male,Onsite,39.6,0.8,4,9.6,4,57.4,4.4,2024-12-29,32.5
162,Gabriela Curtis,IT,40,Male,Hybrid,48.5,4.6,2,2.3,0,43.3,7.7,2024-07-21,35.3
163,Ashley Waters,Operations,45,Female,Onsite,48.4,5.5,5,9.5,10,59.4,9.9,2021-11-04,38.1
164,Crystal Stephens,IT,48,Male,Hybrid,48.3,0.6,2,4.1,9,85.0,4.3,2024-02-07,4.2
165,Erin Lamb,Finance,60,Female,Hybrid,41.1,9.7,3,8.7,0,89.0,1.6,2024-08-20,5.4
166,Kenneth Ho,Operations,44,Male,Hybrid,30.5,2.9,1,2.2,6,96.5,3.7,2023-03-15,15.5
167,Veronica Schultz,R&D,40,Other,Onsite,48.0,9.0,2,3.9,2,94.4,9.9,2020-11-01,28.7
168,Antonio Smith,Finance,36,Male,Hybrid,30.5,6.9,1,5.8,12,82.9,8.1,2022-08-22,27.1
169,Teresa Walker,HR,43,Female,Remote,39.7,1.2,0,6.3,7,43.2,2.0,2023-09-26,35.4
170,Dominic Rose,Sales,57,Male,Onsite,30.1,4.9,1,3.3,6,48.8,5.2,2025-03-25,31.1
171,Megan Romero,Finance,22,Female,Remote,47.1,5.6,5,5.8,12,61.1,2.2,2024-04-27,34.8
172,Jeffery Bryan,Finance,50,Female,Remote,49.4,9.2,0,3.2,10,54.7,3.0,2024-09-10,29.0
173,Katherine Hart,R&D,52,Female,Hybrid,31.1,5.8,4,9.0,3,54.1,4.7,2024-06-21,3.3
174,Vanessa Hart,R&D,60,Male,Remote,37.9,8.4,2,5.7,11,44.1,9.1,2023-12-11,36.4
175,Jessica Gordon,Marketing,26,Male,Remote,46.3,10.0,5,6.7,9,95.8,1.4,2025-05-12,9.8
176,Yolanda Young,Operations,56,Other,Hybrid,39.3,1.5,3,6.6,0,58.9,4.8,2022-04-29,17.1
177,Marissa Williams,Finance,49,Male,Hybrid,44.0,9.9,1,8.0,5,82.6,3.2,2023-01-18,18.7
178,Dr. Taylor Bartlett,Sales,52,Female,Onsite,35.3,3.8,5,6.7,6,59.2,7.2,2021-03-25,38.6
179,Mrs. Karla James,Sales,49,Other,Onsite,32.9,1.8,0,9.0,2,62.2,2.8,2024-04-30,36.4
180,Shane Mitchell,HR,27,Male,Remote,30.4,5.8,2,0.6,3,53.1,7.8,2024-12-14,12.9
181,Alexandra Hale,Operations,33,Other,Remote,49.9,5.2,2,8.0,11,93.4,5.1,2023-08-07,26.9
182,Kevin Richardson,Sales,45,Female,Onsite,43.4,1.0,5,9.4,9,69.4,7.7,2025-07-22,34.4
183,Nancy Peters,Marketing,41,Female,Hybrid,39.7,9.8,5,6.4,7,44.4,2.1,2021-06-13,24.3
184,Amy Diaz,Finance,49,Female,Hybrid,36.4,5.9,4,3.8,7,96.3,3.1,2020-11-13,14.8
185,John Rivera,Finance,30,Female,Hybrid,34.4,5.7,1,0.8,8,75.5,9.5,2024-06-20,26.5
186,Ms. Stacy Carson,Operations,27,Other,Onsite,30.2,6.4,3,1.8,9,73.5,8.1,2023-06-12,31.5
187,Timothy Dalton,Sales,35,Female,Hybrid,36.6,4.0,2,0.3,11,55.6,5.1,2025-03-21,19.4
188,Lisa Downs,IT,40,Female,Onsite,49.0,9.7,4,8.7,2,47.1,1.4,2021-01-20,11.8
189,Ryan Brown,Operations,50,Other,Onsite,31.2,5.5,2,3.6,7,71.6,7.7,2024-01-16,31.2
190,Brittany Escobar,IT,30,Female,Onsite,45.4,8.9,1,5.2,9,61.1,8.7,2022-09-01,22.7
191,Bonnie Thompson,Finance,41,Male,Remote,31.2,6.6,4,6.5,2,44.1,4.4,2024-08-04,29.0
192,Stephen Bruce,Sales,26,Female,Hybrid,43.7,5.0,2,7.4,2,80.1,5.4,2020-10-01,31.0
193,Ian Nelson,Operations,40,Other,Onsite,45.6,4.5,1,2.2,12,57.1,6.9,2023-07-08,12.8
194,Heather White,IT,28,Male,Hybrid,31.7,8.0,0,1.6,8,65.8,8.8,2025-01-25,1.2
195,Scott Kim PhD,Sales,51,Male,Remote,38.2,5.0,2,8.4,6,55.5,3.4,2021-08-09,20.6
196,Douglas Perry,Sales,38,Other,Onsite,44.7,1.9,1,9.8,9,80.2,4.6,2022-01-16,18.0
197,Juan Shelton,Sales,58,Female,Onsite,39.9,4.0,2,4.0,3,80.2,5.2,2021-08-07,22.6
198,Benjamin Warren,Sales,54,Male,Onsite,35.7,8.9,5,7.6,4,91.3,4.0,2023-08-13,2.0
199,Bryan Simmons,Operations,55,Female,Remote,30.2,3.1,3,0.1,4,53.3,3.6,2020-12-27,33.0
200,Kimberly Nelson,HR,54,Other,Remote,46.7,1.1,1,2.0,1,95.1,4.0,2025-05-26,32.3
201,Makayla Kline,Operations,53,Other,Hybrid,33.6,8.0,1,0.5,10,51.9,7.7,2022-05-19,32.5
202,Edwin Shepard,Finance,43,Female,Hybrid,40.5,2.2,2,8.9,4,89.1,3.2,2024-02-20,32.6
203,Carrie Levine,Marketing,27,Female,Onsite,48.3,5.2,3,1.0,4,91.7,6.1,2022-08-29,23.0
204,Leah Taylor,Marketing,56,Male,Remote,33.1,3.1,1,3.1,0,77.3,4.0,2022-12-03,19.6
205,Brittany Hall,R&D,49,Other,Hybrid,36.5,8.5,5,1.9,9,97.8,3.8,2022-01-29,20.7
206,Tiffany Fowler,R&D,28,Other,Hybrid,34.0,8.2,2,7.8,2,48.1,8.9,2023-09-19,4.2
207,Catherine Ross,Sales,24,Other,Remote,30.8,5.8,5,3.5,9,83.7,1.8,2022-10-16,36.5
208,Anthony Trevino,Operations,57,Other,Hybrid,36.2,2.5,4,0.4,9,63.3,8.7,2021-11-24,16.5
209,Laura Smith,Marketing,60,Male,Remote,46.8,9.8,4,6.9,1,41.1,1.9,2025-07-19,16.9
210,Jasmine Hudson,R&D,59,Other,Hybrid,34.0,8.5,4,5.6,3,50.3,5.7,2023-07-31,29.8
211,Patrick Morgan,Marketing,60,Other,Remote,45.8,6.9,0,9.1,11,56.7,1.0,2025-01-09,3.3
212,Casey Keller,IT,45,Male,Onsite,43.0,9.9,4,1.2,7,65.0,7.7,2021-08-27,28.4
213,Diane Hicks,Marketing,39,Other,Remote,41.1,7.9,0,4.5,11,43.4,3.4,2025-05-07,10.6
214,Valerie Wilson,IT,24,Male,Onsite,40.3,5.3,1,4.7,9,86.2,9.1,2021-02-26,12.4
215,Tyler Levine,IT,33,Other,Onsite,42.4,0.6,4,9.1,8,65.1,8.2,2024-11-14,2.2
216,Jesus Adams,HR,37,Female,Onsite,33.8,8.5,4,0.3,3,85.8,7.8,2021-01-27,33.8
217,Lori Bass,Marketing,26,Female,Remote,36.3,7.7,0,4.1,4,41.2,5.1,2020-10-26,23.2
218,Brett Lamb,Sales,55,Male,Remote,31.1,2.8,2,2.9,2,70.3,6.9,2021-12-06,16.4
219,Jennifer Cook,HR,48,Female,Onsite,30.2,0.8,3,9.6,9,69.5,3.8,2024-12-22,6.7
220,Melanie Wood,IT,27,Female,Onsite,41.1,4.9,1,5.4,2,40.2,3.0,2022-01-03,37.7
221,Dave Brooks,Sales,47,Male,Onsite,35.8,5.9,4,8.5,1,82.2,1.5,2025-08-22,15.2
222,William Walls,HR,30,Other,Onsite,47.2,6.2,5,7.9,1,69.4,6.1,2022-03-17,24.1
223,Cynthia Nelson,Operations,47,Other,Remote,48.5,8.7,2,3.1,9,76.5,2.8,2023-08-26,16.2
224,Ana Miller,Operations,34,Male,Onsite,48.4,9.3,3,5.7,8,98.4,2.9,2023-08-18,28.5
225,Michael Collier MD,Operations,42,Other,Hybrid,49.8,8.2,0,1.0,1,75.6,9.7,2021-12-28,33.7
226,Eric Turner,Marketing,39,Other,Remote,39.6,1.5,4,9.0,0,71.9,9.3,2021-09-05,36.5
227,Matthew Martinez,Operations,46,Male,Remote,36.9,9.0,4,8.8,6,48.4,8.6,2022-09-01,20.3
228,Emily Rodgers,Operations,43,Other,Onsite,46.3,3.7,0,8.7,10,65.4,10.0,2024-07-01,18.6
229,Maurice Jones,R&D,29,Female,Hybrid,47.8,7.6,2,3.3,4,96.5,8.6,2022-09-02,25.2
230,Michelle Barrett,R&D,42,Female,Hybrid,35.0,5.2,4,2.8,8,40.4,8.2,2023-07-09,9.5
231,Bryan Thompson,Sales,40,Female,Remote,47.2,1.9,1,9.0,1,61.0,3.6,2025-02-05,0.7
232,Teresa Bruce,R&D,60,Male,Hybrid,32.6,9.7,4,4.8,3,57.2,1.5,2021-10-29,13.7
233,Richard Davis,Finance,30,Male,Remote,38.4,0.8,4,6.2,7,68.5,9.8,2023-08-03,35.1
234,Julie Farmer,HR,37,Male,Remote,35.3,2.8,4,0.8,4,46.8,1.9,2022-10-16,27.2
235,Eric Smith,R&D,37,Other,Remote,43.5,5.8,0,7.4,3,42.2,6.1,2024-12-31,11.9
236,Adam Gonzalez,Finance,29,Female,Remote,42.6,1.5,4,9.7,9,58.3,9.3,2021-12-01,10.6
237,Mary Thompson,Operations,30,Other,Onsite,36.1,7.8,2,8.5,10,69.4,6.9,2023-06-02,22.6
238,Mrs. Briana Burns,Sales,60,Female,Remote,43.4,3.4,3,9.2,5,85.5,6.3,2023-07-19,28.4
239,Ashley Tucker,R&D,34,Male,Onsite,40.7,6.0,2,6.3,7,85.0,5.5,2021-04-05,12.2
240,Lynn Morrow,Marketing,43,Male,Hybrid,39.2,5.2,4,0.1,12,76.6,2.9,2024-04-18,10.5
241,Martha Gray,HR,25,Male,Remote,36.5,4.0,2,8.9,6,49.9,2.2,2022-08-17,17.3
242,Samantha Reeves,Marketing,26,Other,Onsite,42.6,10.0,4,8.0,11,83.7,9.3,2025-05-29,14.7
243,Dr. Laura Avila,Finance,28,Female,Hybrid,46.0,4.9,4,3.6,3,74.6,5.0,2020-12-18,22.7
244,Mitchell Bryant,HR,31,Male,Hybrid,46.9,0.1,0,4.7,5,42.6,3.7,2023-06-25,9.3
245,Joan Wilcox,Sales,25,Other,Remote,42.0,0.9,4,4.3,7,46.8,5.7,2024-02-18,28.4
246,Julie Cox,Finance,31,Other,Hybrid,47.0,7.4,1,8.5,1,58.4,4.5,2024-09-21,23.5
247,Stephanie Clayton,Finance,52,Male,Remote,40.5,4.2,3,0.2,11,70.5,6.4,2024-08-07,19.6
248,Jacob Hernandez,R&D,50,Other,Remote,32.6,8.2,0,5.3,6,71.4,9.4,2024-03-15,2.8
249,Alexis Johnson,R&D,24,Male,Hybrid,36.3,8.3,0,8.8,2,59.9,7.7,2024-10-12,30.5
250,Nathaniel Hull,IT,39,Other,Hybrid,40.1,3.7,5,5.5,9,60.3,9.3,2023-09-20,3.6
251,Jared Murphy,HR,29,Other,Remote,45.0,7.1,4,5.7,4,59.7,5.2,2024-03-14,21.1
252,Hunter Mccormick,Finance,50,Male,Hybrid,41.0,2.5,3,7.5,11,94.3,6.6,2024-11-08,15.5
253,Matthew Wilkinson,IT,34,Other,Hybrid,35.8,5.2,0,4.0,10,82.7,3.1,2025-05-04,15.9
254,Wesley Escobar,R&D,44,Male,Remote,35.2,5.0,1,4.3,4,72.5,8.9,2021-08-25,30.8
255,Dawn Spears,R&D,57,Female,Onsite,42.7,9.8,4,2.3,12,84.2,3.6,2022-10-13,23.6
256,Katherine Ford,Finance,37,Female,Remote,48.4,9.8,3,4.4,5,92.8,5.3,2023-12-25,17.5
257,Daniel Lee,Sales,38,Other,Onsite,40.6,1.6,3,9.2,8,42.0,1.6,2021-05-01,0.9
258,Jackie Diaz,Sales,30,Male,Remote,34.9,6.1,1,7.0,1,78.1,8.0,2022-01-04,13.1
259,Natalie Hicks,Finance,31,Male,Remote,33.9,0.8,3,0.4,9,88.6,9.1,2023-03-15,2.8
260,Stephanie Ford MD,Finance,26,Female,Remote,46.9,6.5,1,1.1,5,46.4,5.2,2022-08-23,31.4
261,Lori Shaffer,HR,39,Female,Remote,31.6,5.5,1,0.7,10,96.5,6.4,2024-12-16,37.5
262,Jared Rodriguez,Finance,24,Female,Onsite,30.1,0.9,4,7.2,2,81.4,4.8,2024-09-02,18.7
263,Jeremy Lozano,Operations,53,Male,Hybrid,42.0,4.0,1,3.4,5,97.1,1.8,2024-09-21,28.7
264,Stuart Jackson,Sales,34,Female,Hybrid,31.0,7.0,5,1.9,0,89.7,5.1,2023-07-30,34.9
265,Christopher Rivera,Marketing,29,Female,Hybrid,36.5,0.4,3,7.6,4,70.6,1.5,2020-09-13,33.9
266,Terry Diaz,Operations,41,Female,Remote,38.3,0.3,1,5.3,6,82.2,8.9,2024-11-04,31.8
267,Tricia Williamson,R&D,60,Male,Hybrid,31.0,9.2,0,3.1,4,87.1,7.6,2024-02-16,29.8
268,Emily Soto,Marketing,40,Other,Hybrid,43.5,4.2,2,9.6,3,79.3,8.3,2024-02-12,5.0
269,David Sellers,HR,40,Male,Hybrid,36.2,4.2,0,6.8,9,77.1,4.5,2021-10-19,38.9
270,Mr. Jeffrey Walls,Operations,35,Other,Remote,30.1,8.4,0,2.2,3,58.8,1.3,2021-01-04,12.2
271,Maria Johnson,Sales,27,Female,Hybrid,44.5,4.5,4,4.4,4,98.3,9.4,2021-09-16,16.8
272,Michelle French,Sales,33,Female,Onsite,48.5,0.9,1,8.2,9,71.0,7.2,2021-03-02,6.6
273,Breanna Underwood,R&D,33,Male,Remote,38.5,1.6,3,4.8,9,51.2,4.4,2021-08-25,30.5
274,Gregory Flowers,Sales,56,Female,Onsite,40.4,5.6,4,8.8,9,59.7,3.0,2020-09-07,4.7
275,Henry Martinez,Marketing,54,Male,Remote,33.7,4.2,3,3.7,0,59.8,7.8,2021-04-18,8.7
276,James Graham,IT,55,Other,Hybrid,36.8,8.2,3,3.8,10,46.2,1.5,2021-09-22,27.0
277,Sandra Mitchell,IT,51,Female,Remote,30.2,7.6,0,8.3,1,45.9,3.4,2023-10-19,36.5
278,Brittney Elliott,HR,45,Male,Remote,48.1,7.5,1,8.4,5,40.8,6.5,2022-08-29,17.2
279,Joshua Wood,Sales,58,Male,Onsite,36.8,4.0,2,7.2,1,81.3,6.6,2021-01-12,25.5
280,Jonathan Brown,HR,33,Male,Hybrid,41.9,3.9,4,6.3,6,58.3,8.8,2022-09-05,2.0
281,Beth Jackson,Operations,43,Other,Hybrid,34.1,4.7,2,1.9,12,55.1,2.1,2022-04-14,3.2
282,Harry Compton,IT,40,Female,Remote,48.5,8.9,4,4.6,2,66.3,5.7,2023-06-29,14.1
283,Jeremy Gardner,HR,35,Female,Remote,37.7,3.5,4,1.1,1,92.8,5.2,2022-04-07,34.7
284,Robert Garner,HR,34,Male,Onsite,41.2,1.1,3,2.2,4,78.8,9.7,2023-09-11,8.5
285,Ariel Mckee,Marketing,57,Female,Remote,36.2,2.4,5,0.7,3,93.3,5.3,2022-07-19,5.2
286,Michael Mcdaniel,Marketing,47,Other,Hybrid,44.0,3.7,1,0.9,9,81.8,6.5,2022-05-21,10.5
287,Keith Delgado,HR,28,Other,Remote,41.4,8.6,5,4.4,5,65.9,9.9,2021-12-04,4.7
288,Paul Bush,Operations,59,Male,Remote,43.6,1.5,3,2.3,7,65.3,8.6,2020-09-07,4.3
289,Scott Quinn,Operations,25,Female,Hybrid,31.0,8.5,3,2.6,2,82.7,6.4,2023-01-15,23.5
290,Anthony Arias,Operations,26,Female,Onsite,40.0,5.4,3,9.6,7,82.7,5.3,2022-07-01,21.8
291,Brianna Robinson,Operations,27,Female,Hybrid,36.3,5.0,1,6.4,8,48.5,1.1,2024-06-15,6.7
292,Teresa Brooks,HR,43,Male,Onsite,35.5,2.8,2,4.8,7,57.3,5.4,2021-02-01,33.0
293,Ryan Stephens,IT,25,Male,Onsite,33.4,9.5,4,9.1,2,49.9,8.0,2022-10-12,14.9
294,Dana Long,Marketing,37,Other,Onsite,47.7,8.3,0,4.6,2,69.1,9.7,2023-10-06,38.5
295,Bethany Cooper,HR,41,Male,Hybrid,32.9,3.0,4,4.5,6,86.9,8.1,2023-02-17,18.2
296,Donald Medina,R&D,23,Male,Remote,31.1,5.5,2,1.0,4,89.9,8.5,2020-10-30,6.1
297,Lisa Robbins,R&D,54,Male,Hybrid,48.4,1.0,0,3.6,8,43.1,7.6,2024-08-25,31.6
298,Belinda Kelley,Marketing,41,Female,Hybrid,34.1,9.2,0,2.6,8,54.0,5.4,2025-08-21,25.6
299,Allen Cox,Sales,40,Male,Hybrid,43.5,4.3,2,7.2,10,99.6,6.8,2024-01-08,15.7
300,Kimberly Donaldson,Finance,23,Male,Onsite,30.2,3.4,2,5.4,9,78.0,3.4,2023-05-09,25.9
301,Christy Peterson,IT,59,Other,Remote,38.5,7.9,4,3.2,10,53.7,6.4,2023-11-07,39.0
302,Troy Wright,R&D,45,Female,Hybrid,35.9,9.9,1,3.3,0,80.8,4.1,2023-05-28,26.2
303,Thomas Mckinney,R&D,29,Male,Hybrid,37.2,2.8,5,7.3,11,73.0,3.9,2022-03-02,22.1
304,Jacqueline Cox,Operations,31,Male,Onsite,35.7,6.3,1,5.7,0,52.4,7.9,2023-09-07,14.3
305,Scott Mitchell,HR,57,Male,Onsite,32.8,0.7,0,9.6,1,93.4,7.8,2021-02-06,19.8
306,Richard Werner,Finance,24,Female,Onsite,40.6,8.7,3,5.2,9,72.2,5.7,2025-02-24,34.7
307,Virginia Evans,Finance,56,Female,Onsite,47.0,7.6,2,3.0,2,91.0,8.0,2023-03-22,12.1
308,Jordan Lyons,IT,49,Female,Hybrid,48.2,7.1,4,8.0,1,73.0,6.6,2025-01-13,2.5
309,Megan Little,Sales,32,Male,Hybrid,37.4,6.6,1,5.2,2,94.9,9.4,2021-09-11,36.4
310,Kimberly Anderson,HR,22,Female,Hybrid,45.9,6.0,1,0.1,11,76.3,1.6,2023-12-09,5.2
311,James Hernandez,Sales,28,Male,Hybrid,34.9,6.9,2,9.5,8,97.6,7.5,2023-03-25,13.0
312,Keith Moon,R&D,33,Other,Remote,33.2,3.0,4,5.6,5,75.7,1.8,2020-11-14,2.3
313,Michael Hale,HR,34,Male,Onsite,40.1,0.8,5,7.7,0,58.1,9.5,2021-05-04,3.6
314,Angela Torres,Finance,45,Other,Onsite,49.5,0.0,5,3.1,3,45.9,8.8,2022-09-18,25.3
315,Keith Garcia,Finance,60,Male,Onsite,37.2,1.2,3,0.5,7,54.7,3.9,2023-04-18,16.7
316,Kelly Kelly,IT,30,Male,Hybrid,38.9,5.2,3,4.4,5,40.6,6.8,2022-11-16,36.6
317,Jordan Chambers,IT,32,Female,Onsite,45.8,4.7,2,9.5,4,63.3,2.1,2023-11-05,6.3
318,Steven Diaz,Operations,30,Other,Remote,41.0,2.5,2,9.2,1,95.7,2.6,2024-01-16,2.7
319,Richard Green,Finance,56,Other,Onsite,38.0,8.4,5,8.7,9,91.3,1.2,2024-12-03,9.5
320,Krystal Jenkins,R&D,32,Male,Hybrid,49.3,4.5,2,4.5,9,58.1,9.6,2024-01-23,30.6
321,Alvin Best,IT,59,Other,Remote,38.1,5.3,5,5.1,12,79.4,2.3,2023-02-20,19.4
322,Thomas Bryan,Marketing,52,Male,Hybrid,43.8,4.7,0,2.2,12,56.7,3.5,2020-11-07,24.3
323,Bradley Vaughn,HR,34,Female,Hybrid,38.9,5.5,3,0.4,11,77.6,5.3,2021-04-07,19.4
324,Brandon Rodriguez,Operations,25,Male,Remote,37.7,6.6,2,0.9,9,78.3,6.9,2021-03-28,2.5
325,Nicole Hammond,Finance,52,Other,Onsite,38.4,2.9,1,3.3,8,96.0,4.7,2024-09-04,38.7
326,Michael Jimenez,IT,56,Other,Remote,41.1,3.4,4,8.6,3,88.7,1.4,2020-10-16,17.5
327,Victoria Soto,Marketing,35,Male,Hybrid,31.1,0.2,2,7.8,0,98.6,2.0,2022-04-27,6.4
328,Matthew Elliott,HR,57,Female,Onsite,33.6,1.2,3,7.7,0,46.1,5.2,2024-01-17,29.2
329,Whitney Hubbard,HR,43,Male,Onsite,30.5,2.6,3,7.1,5,58.6,1.1,2021-04-15,39.5
330,Jeffrey Martinez,HR,55,Female,Remote,43.7,5.5,3,5.1,9,99.1,1.9,2020-12-07,39.7
331,Dean Lopez,Marketing,55,Male,Remote,41.4,6.9,4,4.8,0,62.9,9.3,2024-09-21,35.4
332,John Wright,Finance,24,Other,Remote,38.0,9.9,0,3.2,12,88.0,7.5,2023-08-18,38.5
333,Nicholas Gonzalez,HR,26,Male,Hybrid,40.2,2.4,4,1.2,3,52.8,3.0,2021-10-26,14.2
334,Johnathan Williams,Operations,56,Other,Hybrid,42.1,7.9,0,1.2,12,75.6,6.2,2023-03-25,22.9
335,Travis Potter,HR,51,Other,Onsite,40.5,7.1,2,5.9,8,72.7,6.6,2022-11-04,32.6
336,Savannah Gordon,HR,43,Male,Hybrid,45.6,7.8,2,0.3,6,49.6,1.0,2021-12-26,33.1
337,Cindy Li,R&D,51,Female,Remote,44.0,9.3,2,6.4,7,76.8,6.5,2022-12-26,13.2
338,Kevin Wiley,R&D,45,Female,Remote,47.1,8.0,1,9.5,2,94.5,4.4,2022-08-19,19.5
339,Christine Neal,R&D,46,Female,Onsite,36.0,1.8,5,0.8,9,71.0,7.6,2023-07-11,3.2
340,Daryl Fisher,HR,34,Other,Remote,32.5,0.5,3,2.2,5,43.9,8.6,2023-09-16,8.2
341,Emily Johnson,HR,40,Female,Onsite,34.0,4.8,4,0.5,12,42.1,5.0,2021-10-20,36.1
342,Katie Meza,HR,29,Other,Remote,46.1,8.7,0,2.1,5,50.1,8.4,2020-12-28,25.6
343,Kelly Hunter,Operations,34,Female,Remote,32.6,4.7,0,3.6,7,94.1,2.7,2024-03-08,19.7
344,Carla Sharp,IT,39,Other,Hybrid,42.6,5.1,4,0.1,4,47.7,5.2,2023-03-23,11.3
345,Brenda Cruz,IT,49,Male,Hybrid,42.4,1.2,1,7.2,10,67.7,3.9,2025-06-19,26.1
346,Sean Alvarez,Marketing,50,Other,Hybrid,35.8,1.7,0,1.1,8,48.4,5.9,2021-11-16,22.7
347,Anthony Moore,Marketing,43,Female,Hybrid,38.4,3.2,4,5.7,10,62.0,9.7,2024-04-04,27.6
348,Robert Moore,Operations,39,Female,Onsite,48.2,2.9,4,2.1,8,45.3,7.9,2022-07-12,38.0
349,William Martinez,Marketing,33,Female,Hybrid,30.1,4.2,1,1.3,6,99.2,8.4,2022-05-04,9.2
350,Timothy Smith,HR,58,Other,Remote,38.8,6.2,0,9.4,9,67.6,7.6,2021-11-17,31.5
351,Lori Clark,Finance,40,Other,Hybrid,35.6,9.9,2,1.9,11,63.4,3.8,2025-01-26,35.2
352,Judy Gomez,Marketing,41,Other,Hybrid,46.3,6.9,4,9.6,5,47.0,3.3,2020-09-02,35.0
353,Ms. Taylor Doyle DDS,IT,55,Other,Onsite,31.8,9.0,2,5.2,1,47.0,7.5,2025-06-26,29.2
354,Alexander Thompson,R&D,56,Male,Remote,31.0,4.2,0,9.2,0,43.0,5.9,2024-11-29,13.1
355,Gary Barber,IT,54,Other,Onsite,37.4,2.1,2,3.8,8,55.1,4.3,2022-11-10,30.0
356,Kathy Michael,R&D,57,Male,Hybrid,40.1,2.4,2,8.8,0,78.8,1.6,2023-10-02,13.7
357,Grace Johnson,Finance,36,Other,Onsite,33.2,4.7,3,3.8,6,54.9,4.2,2022-07-17,32.6
358,Joseph Hernandez,IT,42,Female,Onsite,37.2,3.9,3,6.7,11,66.1,8.7,2024-08-15,34.9
359,William Moss,IT,41,Other,Remote,30.7,2.9,5,9.4,4,96.4,8.3,2023-06-10,0.3
360,Kurt Farmer,R&D,48,Female,Onsite,36.9,9.3,5,1.2,4,58.9,2.0,2023-12-26,7.1
361,Antonio Miles,IT,38,Other,Remote,38.2,8.8,4,7.8,4,64.0,8.2,2022-02-03,7.1
362,Russell Yang,Marketing,31,Male,Remote,48.5,4.4,0,2.2,1,73.0,4.5,2022-12-26,10.3
363,Nicholas Lin,Marketing,60,Other,Hybrid,42.6,0.1,5,5.1,4,47.8,4.0,2024-12-13,22.9
364,Jacqueline Spencer,IT,36,Other,Remote,31.6,1.9,5,4.6,4,57.8,7.3,2021-12-24,35.2
365,Robert Hernandez,HR,49,Male,Hybrid,40.6,3.2,0,8.6,4,44.5,1.9,2024-02-18,20.8
366,Gerald Munoz,Marketing,44,Male,Onsite,40.4,3.1,5,9.4,4,84.8,1.9,2024-07-11,13.7
367,Ian Park,Sales,32,Male,Onsite,41.4,7.8,3,9.1,0,87.9,6.2,2025-05-13,1.9
368,Laura Perez,Finance,34,Other,Hybrid,34.0,0.7,0,8.9,10,97.9,3.7,2021-12-12,1.6
369,Tyler Snow,Operations,38,Other,Remote,36.5,8.7,1,7.2,10,51.0,2.4,2021-10-19,26.4
370,Eric Mendoza,Sales,32,Other,Onsite,46.2,6.3,3,5.1,4,98.1,4.8,2023-04-30,37.8
371,Alexis Smith,R&D,43,Female,Remote,35.5,2.4,5,6.5,10,90.8,6.4,2020-10-31,30.7
372,William Thompson,IT,44,Female,Hybrid,35.0,9.8,4,0.7,0,84.2,7.9,2024-03-26,12.1
373,Marcus Williams,IT,25,Male,Hybrid,35.8,8.9,0,9.1,3,79.3,2.8,2022-12-02,7.1
374,David Johnson,Marketing,52,Male,Hybrid,35.9,3.6,3,9.1,3,62.0,1.9,2025-01-03,30.2
375,Karla Lee,Operations,27,Female,Onsite,38.1,5.7,5,0.1,2,45.3,7.7,2023-05-26,11.2
376,Miranda Garrison,HR,58,Male,Onsite,37.2,0.2,5,9.0,12,63.1,8.9,2021-01-10,34.5
377,Alicia Villegas,Sales,60,Other,Onsite,36.6,1.8,1,9.8,8,57.4,8.2,2022-10-06,23.3
378,William Schultz,Marketing,38,Male,Remote,46.4,4.7,0,2.9,5,88.4,8.5,2025-07-28,26.6
379,Michael Boyd,HR,57,Male,Remote,47.9,3.3,5,6.0,8,83.9,7.3,2024-07-01,9.8
380,Benjamin Jefferson,Operations,57,Other,Remote,30.7,0.8,5,3.0,4,69.5,8.7,2024-02-28,38.7
381,Mr. Robert Beard,R&D,41,Female,Remote,45.6,2.8,3,0.1,8,69.8,3.8,2021-04-06,34.9
382,Samantha Lara,HR,58,Other,Remote,39.7,9.0,4,8.6,7,95.3,9.3,2022-07-05,39.1
383,Rebecca Hayes,Sales,39,Other,Onsite,44.0,1.9,0,2.5,0,72.5,6.3,2023-11-22,11.4
384,Jamie Padilla,HR,55,Female,Hybrid,37.7,9.4,2,7.9,8,40.7,3.0,2023-01-26,8.9
385,Brittany Shannon,Sales,32,Other,Remote,43.1,5.4,2,4.5,10,71.2,6.7,2024-05-15,31.7
386,Caleb Reed,IT,54,Female,Onsite,42.9,5.3,4,0.1,4,45.5,2.9,2021-12-08,5.8
387,Samuel Hoffman,Finance,49,Female,Onsite,43.4,7.2,5,4.2,9,98.3,3.5,2021-01-04,35.7
388,Grace Sullivan,Marketing,42,Female,Onsite,50.0,2.0,4,0.1,8,90.6,7.1,2024-08-24,18.9
389,Donna Williams DDS,HR,48,Other,Onsite,41.2,3.8,4,6.7,7,56.3,8.6,2021-04-21,23.7
390,Anthony Hernandez,Operations,49,Female,Remote,44.5,8.4,2,3.7,9,93.3,7.5,2023-09-30,0.5
391,Rachel Clarke,Finance,57,Male,Hybrid,32.2,5.0,1,1.8,2,85.3,4.6,2023-08-20,26.7
392,Tanya Robinson,IT,27,Male,Onsite,34.9,2.6,3,6.9,9,48.0,10.0,2023-12-18,9.4
393,Cynthia Hernandez,Sales,60,Other,Hybrid,34.8,6.2,3,2.1,6,54.6,3.9,2022-09-23,2.0
394,Linda Miles,IT,28,Other,Hybrid,40.2,4.6,1,6.4,6,60.3,6.4,2022-08-04,8.2
395,Craig Byrd,HR,29,Female,Remote,37.0,1.8,1,9.8,5,99.1,9.4,2024-09-20,39.8
396,Ryan Chan,HR,29,Male,Onsite,48.7,8.3,4,5.6,10,77.4,4.9,2024-01-18,4.1
397,Reginald Hall,IT,31,Other,Onsite,39.0,4.5,5,3.1,11,47.6,1.3,2024-05-17,29.5
398,Laura Mckenzie,R&D,44,Male,Onsite,33.7,2.0,1,8.2,9,80.4,4.5,2023-05-01,5.7
399,Sheri Ramos,Operations,41,Female,Remote,44.1,1.8,3,8.5,11,69.3,4.4,2022-02-10,3.7
400,Jeremy Glass,Marketing,53,Other,Onsite,32.1,2.9,4,3.4,1,53.1,1.9,2024-08-03,34.2
401,Carmen Skinner,Sales,23,Other,Onsite,35.2,5.8,0,4.7,10,68.7,1.3,2020-10-23,3.0
402,Lindsey Marks,R&D,53,Other,Onsite,38.7,8.6,5,1.7,12,99.2,7.1,2024-12-22,1.9
403,Sara James,R&D,30,Other,Hybrid,42.7,8.4,5,3.1,1,84.2,4.3,2024-06-13,25.4
404,Melvin Henderson,R&D,41,Female,Remote,39.3,7.1,2,0.3,5,72.0,9.3,2021-01-17,2.7
405,Christina Wilson,Marketing,29,Other,Hybrid,49.8,2.8,1,3.1,11,48.4,5.0,2021-10-02,2.0
406,Frances Mcguire,R&D,57,Other,Remote,30.1,2.4,5,6.7,4,58.6,3.3,2024-04-24,8.8
407,Phillip Wood,IT,58,Female,Hybrid,44.1,9.6,1,0.8,0,51.6,8.0,2021-11-12,34.6
408,Brian Williamson,Marketing,49,Female,Hybrid,32.3,0.2,3,6.5,1,100.0,7.9,2024-11-25,15.0
409,David Thomas,Finance,54,Male,Remote,50.0,1.4,0,3.9,10,95.1,8.9,2025-03-28,12.8
410,Breanna Stephens,Operations,33,Male,Onsite,42.1,6.9,1,3.5,0,82.9,7.0,2025-07-11,7.6
411,Diana Perez,IT,54,Other,Hybrid,43.1,7.7,4,4.0,3,60.3,1.2,2022-11-16,7.0
412,Antonio White,Sales,26,Male,Onsite,39.3,8.8,5,8.9,2,41.1,3.2,2020-12-31,6.5
413,Sandra Wright,HR,28,Other,Hybrid,47.4,0.4,3,4.5,2,67.6,7.7,2023-02-09,5.6
414,Joshua Moore,Marketing,52,Male,Hybrid,46.3,4.8,2,8.3,9,43.2,6.4,2023-10-20,24.2
415,Toni Henderson,Operations,28,Male,Remote,41.4,8.4,1,3.1,0,80.9,2.7,2022-11-04,14.5
416,Danielle Kelly,Sales,51,Other,Hybrid,44.9,2.7,4,9.1,1,64.2,9.8,2023-09-09,24.6
417,Samantha Mcpherson,Sales,23,Other,Remote,47.6,3.9,3,7.2,6,75.8,5.9,2023-05-19,26.5
418,Preston Beard,R&D,42,Female,Onsite,34.7,5.7,4,9.7,11,89.2,5.5,2021-02-27,19.0
419,Sonya Williams,Finance,30,Other,Hybrid,44.4,9.3,1,7.7,7,80.7,4.2,2023-03-18,15.6
420,Scott Brown,Marketing,35,Female,Remote,45.3,3.8,2,5.4,12,66.8,3.8,2022-01-08,15.1
421,Gail Smith,HR,57,Male,Remote,31.3,5.9,5,0.6,6,59.8,1.7,2022-07-29,37.5
422,Christine Harris,HR,52,Female,Onsite,32.8,1.2,3,8.9,5,92.3,8.4,2024-04-02,33.8
423,Janet Williams,Marketing,45,Other,Remote,39.6,9.7,5,3.8,5,79.8,5.3,2021-10-18,29.3
424,Robert Wilcox,Operations,36,Other,Onsite,31.6,7.6,5,2.5,3,62.3,6.8,2023-07-16,1.7
425,Joseph Oliver,R&D,58,Male,Onsite,36.9,5.7,1,8.5,9,68.3,1.3,2024-09-02,10.2
426,Summer Crawford,Operations,25,Other,Onsite,30.8,5.9,4,4.5,2,82.1,3.7,2023-12-18,18.4
427,Kim Le,IT,51,Male,Remote,34.3,8.0,2,9.9,12,63.7,5.8,2024-07-14,9.2
428,Megan Williams,Sales,57,Female,Hybrid,41.5,6.6,5,8.7,12,98.0,4.9,2023-10-26,25.1
429,Luke Kennedy,IT,26,Other,Hybrid,44.3,1.2,2,6.6,7,80.5,1.5,2020-10-01,35.7
430,Stephanie Roman,IT,60,Female,Onsite,36.0,7.6,5,2.1,10,50.9,8.8,2021-01-07,12.0
431,Zachary Miller,Operations,59,Female,Onsite,37.4,7.1,3,3.9,2,99.9,8.4,2024-03-22,30.8
432,Stephen Gardner,Sales,55,Other,Hybrid,32.4,8.4,1,3.9,2,68.1,2.8,2023-03-20,14.7
433,Melanie Sullivan,Sales,26,Other,Onsite,34.6,0.9,2,2.2,5,95.1,3.7,2023-12-15,32.5
434,Stephen Stephens,Finance,36,Male,Hybrid,40.2,5.5,0,9.1,4,60.1,8.6,2022-12-29,27.6
435,Chris Jones,Marketing,53,Male,Remote,34.3,6.5,2,4.6,6,78.9,5.3,2023-08-16,19.3
436,Jeffrey Taylor,Operations,55,Male,Remote,39.0,0.2,2,3.2,6,71.3,7.9,2020-12-13,0.6
437,Edward Phelps,Marketing,48,Other,Onsite,48.5,7.8,3,5.6,8,94.3,6.1,2024-06-05,2.6
438,Paige Leonard,Sales,27,Male,Remote,36.2,2.0,5,9.6,3,46.4,4.4,2023-12-10,38.0
439,Holly Cochran,HR,42,Female,Hybrid,49.2,6.2,1,1.9,12,72.5,6.1,2023-10-08,25.3
440,Sheila Whitney,IT,45,Male,Hybrid,30.5,7.7,0,2.0,8,65.5,2.6,2024-01-18,1.1
441,James Martin,Finance,40,Male,Remote,49.5,0.8,2,4.5,0,55.7,9.6,2021-10-03,7.7
442,Tracy Miller,Sales,57,Male,Remote,42.1,9.7,5,9.9,3,92.9,5.8,2021-11-15,28.4
443,David Webster,Sales,50,Other,Onsite,48.2,7.4,2,8.1,4,59.4,7.6,2022-07-25,14.2
444,Morgan Moon,HR,56,Female,Onsite,35.7,5.5,5,6.3,7,81.5,2.1,2021-06-12,29.2
445,Thomas Jordan,Marketing,28,Male,Remote,41.8,7.6,5,1.8,10,79.7,2.7,2024-01-13,13.5
446,Robert Daniel,Sales,60,Male,Remote,47.8,4.9,5,0.9,9,46.1,1.8,2022-01-14,2.1
447,Stephen Ballard,IT,48,Male,Remote,31.2,2.1,5,6.9,5,56.9,9.3,2023-03-03,35.1
448,Regina Reyes,Sales,52,Male,Onsite,30.5,6.9,0,3.5,5,83.3,6.9,2025-07-20,6.9
449,Pamela Jackson,Finance,47,Male,Onsite,38.8,8.4,4,4.2,6,99.8,1.3,2023-11-05,19.6
450,Cynthia Webb,R&D,38,Female,Hybrid,44.1,2.0,5,2.7,9,88.1,2.8,2024-07-09,15.0
451,Joshua Patterson,Operations,23,Male,Hybrid,49.0,5.1,3,7.0,6,66.5,5.1,2021-03-02,30.8
452,Susan Gross,R&D,53,Male,Remote,43.3,4.5,5,2.4,5,76.2,2.3,2021-10-25,29.1
453,Curtis Smith,Operations,47,Female,Hybrid,34.3,3.3,0,3.8,10,95.2,5.4,2020-09-20,31.9
454,Jennifer Riggs,Finance,26,Female,Hybrid,34.9,2.2,1,6.3,6,95.3,7.8,2022-07-06,8.8
455,Lindsay Bartlett,R&D,59,Other,Hybrid,30.3,2.7,2,7.5,10,75.6,4.9,2022-09-26,32.9
456,Eric Morris,Sales,43,Male,Hybrid,39.2,4.8,0,1.6,0,87.1,9.6,2024-09-09,36.6
457,Brian Moore MD,Marketing,51,Other,Onsite,41.6,8.4,0,1.1,7,98.5,3.5,2024-03-14,23.8
458,David Sanders,R&D,38,Male,Hybrid,48.7,7.4,2,1.4,1,94.3,7.7,2024-06-21,34.1
459,George Hicks,Operations,38,Male,Hybrid,30.2,2.5,0,9.8,5,97.9,4.9,2024-05-10,33.1
460,Mark Ball,Marketing,40,Other,Hybrid,31.4,3.6,1,3.2,3,55.9,5.5,2025-07-25,22.0
461,Joseph Sellers,HR,26,Other,Hybrid,37.4,9.0,1,7.6,7,90.7,3.2,2021-03-12,6.3
462,Emily Finley,Sales,31,Other,Onsite,43.4,6.2,0,5.7,11,100.0,4.3,2020-10-20,37.4
463,Seth Smith,IT,48,Female,Hybrid,31.6,9.8,2,0.5,4,72.0,3.0,2023-11-01,37.4
464,Brooke Gibbs MD,IT,46,Male,Onsite,37.7,8.4,4,0.3,6,44.9,4.4,2025-01-16,35.3
465,Robert Fields,Marketing,56,Other,Onsite,34.9,9.7,5,0.0,10,46.7,2.9,2025-01-17,36.9
466,Mary Mathews,HR,48,Female,Remote,40.6,6.1,1,1.6,2,84.0,2.2,2025-02-16,28.0
467,Jennifer Webb,Marketing,43,Other,Remote,35.6,4.1,3,4.7,8,76.9,8.9,2025-01-07,9.1
468,Laura Pacheco,Sales,60,Male,Hybrid,47.4,4.7,5,5.5,10,49.9,2.8,2023-02-18,23.2
469,David Joseph DDS,Operations,36,Male,Hybrid,49.5,8.8,0,1.3,4,54.3,5.4,2021-07-01,29.7
470,Anna Porter,R&D,45,Male,Remote,44.6,5.4,2,4.7,4,58.7,5.1,2024-01-21,25.5
471,Erica James,Finance,42,Female,Hybrid,41.5,3.4,1,2.5,9,47.5,7.9,2023-06-17,14.2
472,Joshua Coffey,Finance,54,Male,Hybrid,38.8,8.4,3,1.4,7,64.9,8.4,2025-03-04,21.7
473,Alexa Martin,Finance,23,Female,Hybrid,36.6,5.8,3,1.0,5,78.7,7.9,2023-01-26,7.8
474,Ashley Thomas,R&D,34,Other,Hybrid,41.7,7.4,0,6.0,6,85.1,7.2,2020-09-30,18.4
475,Dr. Natasha James,Sales,25,Male,Hybrid,41.4,4.6,5,9.3,6,90.5,2.8,2022-04-04,39.1
476,Brandon Mann,Sales,38,Female,Remote,38.4,4.2,2,8.0,5,90.8,2.4,2020-09-15,2.0
477,Christopher Rubio,HR,40,Female,Remote,35.8,3.1,0,7.3,8,58.6,5.2,2024-07-25,21.6
478,Michael Conway PhD,IT,59,Female,Onsite,36.8,8.9,1,6.0,5,51.7,2.6,2021-05-08,2.2
479,Donald Benson,Sales,30,Female,Hybrid,42.0,2.5,1,2.4,1,85.4,7.1,2022-10-21,38.3
480,Ann Wu,IT,25,Female,Remote,42.1,9.8,3,8.3,5,75.1,3.9,2022-06-27,36.4
481,Larry Williams,Sales,31,Female,Onsite,30.1,7.5,1,8.8,6,87.2,4.1,2021-08-17,21.8
482,Judith Adams,Operations,50,Other,Remote,35.4,8.1,2,2.9,4,60.3,6.1,2021-07-05,18.3
483,Fernando Graham,Sales,47,Female,Remote,49.9,7.9,0,7.6,2,71.6,6.5,2024-02-25,22.1
484,Alan Anderson,Sales,23,Male,Onsite,34.3,8.5,4,9.4,2,41.9,4.7,2024-07-21,30.0
485,Wyatt Bender,Sales,37,Other,Remote,37.6,3.2,0,5.5,11,46.6,2.1,2025-02-21,23.6
486,Andrew Thompson,HR,30,Other,Hybrid,40.1,6.2,2,3.8,6,78.2,4.6,2025-07-09,19.0
487,William Rodriguez,HR,31,Male,Onsite,43.7,9.0,5,9.5,1,81.5,9.9,2023-11-03,20.2
488,Jodi Hampton,Sales,41,Male,Remote,45.3,8.6,2,2.9,5,58.4,9.4,2024-03-23,6.2
489,Lisa Williamson,HR,33,Other,Onsite,31.8,4.4,1,3.1,6,80.8,7.3,2022-10-30,25.2
490,Jeanette Walters,Operations,48,Female,Onsite,48.3,4.7,2,1.8,8,74.6,8.3,2022-06-09,32.5
491,Todd Johnson,Finance,41,Other,Hybrid,39.3,8.1,1,7.7,8,92.8,7.7,2024-10-16,39.8
492,Aaron Ritter,Sales,41,Female,Remote,41.6,6.8,0,9.8,7,43.9,8.2,2021-08-21,35.1
493,Jasmin Webb,R&D,27,Other,Remote,34.1,8.6,1,1.9,0,63.8,4.9,2024-05-10,25.2
494,Paige Hardy,Finance,47,Female,Onsite,38.9,8.3,4,7.2,1,85.5,8.1,2023-05-23,16.3
495,Patrick Floyd,Marketing,22,Female,Onsite,45.6,9.9,0,1.6,11,47.3,3.3,2022-05-23,25.1
496,Nicole Levine,IT,35,Male,Remote,35.9,5.4,3,4.8,0,59.2,8.6,2024-06-16,18.7
497,John Hurley,R&D,25,Female,Onsite,37.3,3.7,5,3.0,7,40.8,3.8,2023-03-31,12.0
498,Michael Sharp,Marketing,60,Female,Hybrid,45.0,2.5,2,7.2,12,70.2,1.9,2025-07-30,10.1
499,Jake Davis,Marketing,37,Female,Hybrid,44.2,2.2,4,5.1,3,77.0,1.5,2020-12-21,2.2
500,Kristopher Turner,IT,50,Male,Remote,30.4,3.6,5,5.5,9,73.5,3.7,2024-05-08,34.4
501,Natalie Dunn,HR,60,Male,Onsite,39.9,9.9,5,8.1,5,73.9,8.1,2023-10-20,39.3
502,Scott Morgan Jr.,R&D,42,Other,Hybrid,49.0,0.0,2,0.3,5,74.5,6.5,2025-05-18,35.5
503,Mr. Stuart Gutierrez,HR,54,Other,Hybrid,42.6,8.6,0,9.6,5,90.6,8.6,2020-10-04,5.3
504,Joshua Mendez,IT,28,Other,Remote,45.8,9.5,4,3.6,4,42.0,6.5,2024-12-29,11.0
505,Danielle Rogers,IT,36,Other,Hybrid,34.2,7.9,1,3.4,12,70.4,8.4,2024-11-26,31.2
506,Karen Miles,Finance,51,Male,Hybrid,35.7,4.3,5,5.9,7,68.9,2.2,2022-03-03,17.0
507,Ashley Bowman,Sales,35,Male,Remote,48.7,5.1,1,0.1,7,93.2,3.9,2023-12-04,18.4
508,Diane Shields,Marketing,28,Other,Onsite,46.8,9.2,0,0.0,5,89.4,2.3,2023-07-15,20.8
509,Morgan Lane,Marketing,22,Other,Onsite,44.7,1.1,3,6.4,7,98.8,2.2,2024-02-07,5.8
510,Rachel Sanchez,HR,45,Other,Onsite,33.6,9.8,4,0.4,2,89.2,3.7,2024-06-11,31.0
511,Zachary Craig,Marketing,59,Male,Remote,34.2,9.4,0,7.5,8,67.3,7.7,2024-07-25,38.2
512,Joseph King,Marketing,25,Other,Remote,38.1,5.3,3,8.3,1,52.8,4.7,2022-08-31,33.8
513,Kathleen Reese,IT,36,Other,Hybrid,31.0,7.0,3,8.0,6,53.0,7.7,2022-10-01,5.2
514,Dr. Amy Salinas,Sales,57,Other,Onsite,35.5,3.1,0,3.4,1,99.6,6.1,2025-08-07,15.2
515,David Wolfe,Finance,37,Other,Onsite,32.6,7.9,0,5.1,8,84.2,8.9,2024-05-03,32.5
516,Joseph Day,Operations,43,Male,Remote,36.2,2.2,5,8.9,12,98.5,7.6,2023-07-18,12.7
517,Richard Chambers,Sales,40,Other,Onsite,48.0,6.3,5,8.1,8,50.6,1.4,2024-08-06,16.5
518,George Duncan,R&D,33,Other,Hybrid,36.3,8.5,3,8.8,8,71.6,7.4,2023-09-09,5.4
519,Sierra Cervantes,Operations,22,Male,Onsite,39.0,4.1,5,7.6,12,82.0,5.7,2021-05-08,19.3
520,Trevor Hernandez,Marketing,25,Other,Hybrid,37.7,2.1,1,2.4,4,91.7,1.4,2022-12-06,19.2
521,Jason Porter PhD,IT,55,Male,Onsite,42.4,1.9,1,2.4,12,75.6,8.1,2021-07-15,8.2
522,Christopher Evans,R&D,37,Male,Hybrid,30.6,5.6,3,6.3,5,69.4,6.7,2021-07-25,28.7
523,Jesse Morgan,R&D,45,Male,Onsite,43.9,8.9,3,8.4,10,48.3,4.4,2021-11-06,32.3
524,Lisa Riley,Sales,40,Other,Onsite,38.2,6.3,2,7.5,6,80.4,6.1,2025-05-12,15.7
525,Elaine Haney,IT,47,Other,Remote,44.6,2.8,3,7.3,1,96.6,6.3,2025-01-05,11.0
526,Johnny Humphrey,R&D,23,Male,Hybrid,42.6,8.2,0,6.6,6,53.3,5.3,2025-08-18,6.2
527,Dr. Susan Griffin DDS,Operations,28,Male,Hybrid,30.3,0.4,2,4.9,1,67.7,8.4,2025-02-22,22.5
528,Savannah Holmes,Operations,24,Male,Hybrid,45.9,8.8,5,5.8,10,96.3,1.8,2021-11-14,0.9
529,Jonathan Craig,Finance,25,Male,Remote,30.4,6.2,1,4.7,4,87.8,1.1,2021-01-17,16.0
530,Matthew Acevedo,IT,47,Male,Hybrid,38.6,1.4,4,9.6,11,80.6,9.6,2022-10-16,13.0
531,Shawn Combs,R&D,22,Female,Remote,33.4,5.5,4,9.9,1,46.7,6.6,2023-01-04,36.9
532,Angela Owen,Finance,48,Female,Onsite,40.8,3.1,3,8.7,7,61.9,6.3,2023-10-14,22.6
533,Christopher Smith,Finance,45,Female,Hybrid,31.5,8.4,0,9.2,7,99.1,9.8,2022-10-13,37.9
534,David Miranda,Operations,28,Other,Onsite,35.9,7.0,0,1.4,8,73.1,2.2,2025-04-27,32.9
535,Tabitha Pierce,Sales,47,Other,Onsite,44.1,5.5,3,5.4,7,92.6,8.5,2024-06-02,16.6
536,Michelle Contreras,Marketing,31,Female,Onsite,47.3,0.6,4,8.1,3,73.3,1.4,2023-03-28,14.5
537,Douglas Frazier,Finance,28,Male,Remote,35.5,1.4,1,7.5,11,98.3,6.5,2025-04-11,30.6
538,Randy Hoffman,R&D,51,Female,Onsite,48.1,5.3,2,8.5,7,89.6,9.6,2024-09-14,34.4
539,Miguel Henry,Sales,26,Female,Onsite,40.6,6.8,1,5.8,5,58.3,6.1,2023-11-05,30.4
540,Joan Smith,Sales,46,Female,Remote,33.5,4.0,3,4.6,6,43.1,5.8,2024-04-28,30.7
541,Anne Davis,R&D,24,Other,Onsite,48.0,8.0,0,5.9,11,83.0,5.7,2022-01-10,3.4
542,Evan Benjamin,Sales,23,Female,Onsite,43.0,6.2,3,2.6,12,70.1,9.4,2025-07-25,5.7
543,Kimberly Terry,Sales,39,Male,Onsite,44.8,5.4,1,1.7,4,55.9,3.6,2025-05-26,21.9
544,Karen Fields,Operations,24,Male,Remote,39.0,9.7,0,0.1,9,68.1,8.4,2024-04-27,8.6
545,Brandy Horton,Sales,49,Male,Hybrid,36.2,3.5,4,1.3,12,96.7,1.2,2023-11-25,31.9
546,Michael Miller,IT,39,Male,Onsite,37.9,4.3,4,0.7,8,48.8,4.0,2024-11-18,27.4
547,Michele Rogers,Operations,44,Female,Onsite,33.9,2.8,3,1.1,11,50.7,3.8,2023-11-06,25.5
548,Anita Mccarthy,Sales,52,Other,Remote,46.7,8.5,0,7.6,10,73.6,3.4,2022-01-18,26.7
549,Mark Ross,IT,40,Male,Remote,41.9,6.3,1,4.4,0,47.3,10.0,2021-05-13,16.1
550,Patricia Berry,IT,32,Other,Remote,48.5,4.1,3,9.6,12,82.0,8.8,2025-05-01,37.3
551,Carlos Cruz,Finance,22,Female,Remote,31.2,9.9,3,6.5,7,67.1,4.4,2024-04-20,17.6
552,Brenda Dunn,Sales,45,Male,Hybrid,31.3,9.1,3,1.5,11,85.3,5.4,2025-07-11,17.0
553,Patricia Thompson,Marketing,22,Female,Remote,32.8,4.8,5,7.9,0,79.3,4.1,2022-09-15,5.8
554,Donna Tucker,Operations,26,Male,Hybrid,31.5,7.7,1,0.1,3,47.2,3.7,2022-04-12,28.8
555,Michael Burch,Marketing,59,Male,Hybrid,49.9,8.1,2,9.6,1,87.1,5.9,2022-09-15,20.7
556,Jay Murphy,Marketing,30,Male,Onsite,35.8,2.4,2,6.4,6,48.4,9.0,2023-07-21,23.5
557,Audrey Hernandez,IT,37,Female,Onsite,32.4,6.5,3,1.0,4,49.8,1.1,2025-05-29,26.5
558,Brent Johnson DDS,R&D,42,Other,Remote,42.5,5.6,3,9.1,10,87.2,8.1,2022-05-25,36.6
559,Steven Decker,Operations,25,Male,Onsite,33.4,3.6,1,1.1,12,42.2,9.9,2021-07-15,3.1
560,Belinda Hernandez,IT,59,Male,Onsite,31.0,0.5,2,5.5,10,47.6,7.6,2025-07-20,32.5
561,Kimberly Carson,Finance,50,Female,Onsite,37.6,8.9,5,4.2,6,46.3,5.7,2021-09-07,6.5
562,Erica Davidson,Operations,36,Other,Hybrid,49.1,8.9,3,8.2,1,41.5,4.9,2023-02-08,5.3
563,Chelsea Fuller,Operations,38,Other,Remote,49.5,1.2,1,4.7,12,73.7,4.7,2023-11-11,24.2
564,Ann Short,Marketing,44,Male,Remote,30.5,1.2,2,5.7,8,74.4,5.3,2024-04-01,37.8
565,Sharon Smith,HR,43,Female,Onsite,43.9,3.1,3,0.6,12,47.4,4.9,2025-01-20,23.0
566,Steven Johnson,HR,39,Male,Onsite,42.8,5.3,4,4.7,5,86.3,8.1,2022-08-12,13.9
567,Frank Henson,Operations,28,Female,Onsite,36.7,1.7,4,8.7,4,75.6,1.1,2025-07-22,26.7
568,Christopher Garcia,R&D,44,Other,Onsite,39.1,9.5,1,1.1,8,51.3,6.5,2024-12-20,18.0
569,Laura Hogan,Sales,37,Other,Hybrid,33.4,9.0,0,10.0,9,84.0,2.0,2024-02-20,5.0
570,Heather Cook,Marketing,43,Other,Onsite,35.3,7.1,1,4.3,0,65.2,7.9,2022-10-13,20.2
571,Sydney Lee,Sales,22,Male,Remote,30.4,2.6,2,3.9,9,86.4,7.5,2024-05-09,31.0
572,Jose Serrano,Marketing,44,Female,Hybrid,45.7,9.8,5,0.4,10,69.1,5.0,2022-03-13,4.7
573,Terry Johnson,Operations,23,Female,Remote,41.1,8.3,2,2.6,4,73.9,6.7,2020-12-11,31.5
574,Scott Bailey,Marketing,27,Other,Hybrid,33.7,7.2,1,9.8,5,86.5,4.4,2023-05-21,36.2
575,Jonathan Liu,HR,28,Other,Onsite,34.9,3.1,3,0.2,7,49.6,8.7,2020-12-22,11.6
576,Robert Wilkins,Finance,37,Female,Hybrid,31.7,0.6,5,9.1,7,86.3,8.7,2023-02-16,33.2
577,Stephanie Smith,Finance,55,Other,Onsite,38.8,0.3,0,3.0,11,73.1,6.7,2025-02-28,39.7
578,Parker Holmes,Finance,25,Male,Remote,48.2,7.9,2,5.5,9,69.8,3.8,2022-11-13,5.4
579,Christina Watson,Sales,35,Male,Hybrid,45.7,8.8,5,0.6,7,44.5,4.5,2022-11-04,32.5
580,Nicholas Palmer,Sales,41,Male,Remote,31.6,4.5,1,3.0,12,74.8,7.4,2021-10-05,1.4
581,Melissa Taylor,R&D,40,Female,Hybrid,40.0,7.8,3,5.7,6,98.9,8.3,2022-08-30,27.6
582,Timothy Gomez,Operations,48,Other,Onsite,44.2,0.0,2,6.1,0,98.9,3.0,2022-03-27,34.5
583,Samantha Miller,HR,46,Female,Hybrid,38.4,8.7,3,3.7,8,75.7,4.7,2022-10-27,35.7
584,Robert Mills,Operations,35,Other,Onsite,39.9,8.5,3,5.4,12,52.9,1.4,2025-05-12,26.6
585,Mrs. Diane Wood,Finance,37,Other,Remote,47.7,4.2,0,4.3,12,86.2,10.0,2024-12-07,21.4
586,Alexandria Anthony,Sales,34,Female,Hybrid,35.2,1.8,4,3.4,6,93.3,5.4,2022-08-22,36.8
587,Amber Booker,R&D,31,Female,Onsite,34.2,7.2,3,3.8,5,85.3,8.3,2020-11-03,29.4
588,Juan Barker,IT,28,Female,Onsite,36.9,6.8,1,6.0,8,44.2,4.8,2020-09-29,30.7
589,Rebekah Vaughn,HR,38,Female,Onsite,37.6,7.6,4,4.8,0,98.1,8.0,2022-08-02,20.8
590,Shannon Osborne,Finance,25,Male,Remote,40.3,7.6,1,1.9,4,97.8,2.2,2024-04-11,36.1
591,Sheila Clark,HR,40,Female,Remote,35.8,7.7,3,9.1,11,68.8,6.4,2023-03-17,35.6
592,Matthew Rogers PhD,R&D,36,Other,Hybrid,43.4,7.8,3,5.7,12,74.5,5.4,2024-06-20,33.6
593,Gina Adkins,Operations,25,Female,Remote,32.9,7.2,5,8.4,8,85.2,2.7,2021-07-08,16.5
594,Frances Williams,IT,24,Other,Remote,40.0,1.2,5,7.2,8,51.0,8.4,2023-04-25,38.9
595,Ethan Harmon,Marketing,43,Male,Onsite,36.6,2.9,5,4.2,7,55.2,6.0,2023-07-10,30.8
596,April Anderson,IT,29,Male,Hybrid,38.4,2.2,5,8.6,3,41.6,3.2,2024-10-23,1.9
597,Gregory Middleton,Sales,50,Female,Onsite,44.7,3.0,0,2.7,5,94.5,3.7,2020-12-25,7.3
598,Annette Chambers,HR,31,Male,Onsite,41.0,5.0,0,7.0,7,44.9,4.1,2022-06-09,11.1
599,Emily Brewer,Operations,45,Female,Hybrid,44.9,8.9,3,9.0,8,76.9,4.6,2023-01-05,36.9
600,Thomas Flores,Sales,32,Female,Onsite,35.2,0.2,1,8.9,12,67.5,3.2,2022-01-26,34.1
601,Veronica Jones,IT,55,Female,Remote,36.6,7.2,0,2.5,6,45.7,5.1,2021-09-02,31.8
602,Eric Johnson,Finance,30,Other,Hybrid,48.8,5.2,5,4.5,10,67.4,6.1,2025-07-01,30.4
603,Haley Turner,R&D,35,Male,Remote,40.3,8.0,0,3.8,4,53.2,4.3,2023-09-04,32.2
604,Philip Archer,R&D,44,Other,Hybrid,42.7,6.6,1,8.5,0,72.3,7.1,2023-07-02,32.5
605,Amanda Guerrero,Marketing,37,Male,Onsite,31.1,2.8,1,5.7,7,99.2,5.1,2022-09-01,11.3
606,Gina Hardin,IT,38,Male,Onsite,37.3,6.4,2,2.1,10,74.5,7.4,2024-03-05,15.6
607,Jonathan Reed,HR,51,Female,Remote,34.5,8.0,4,9.1,12,91.0,6.5,2024-10-26,1.0
608,Alan Johnson,Marketing,46,Other,Hybrid,44.2,6.8,1,7.9,4,42.8,7.6,2020-09-18,1.1
609,Barry Mendez,Sales,37,Male,Onsite,37.8,7.2,0,9.8,7,74.5,3.1,2024-02-19,27.2
610,Monica Olson,Sales,44,Other,Onsite,32.9,8.3,4,1.3,5,84.4,3.6,2021-06-03,16.7
611,Elizabeth Buck,HR,33,Male,Onsite,49.6,4.3,1,0.3,12,93.7,3.1,2024-12-20,0.4
612,William Gonzales,HR,35,Male,Onsite,31.3,7.5,1,7.0,11,51.1,4.5,2021-11-13,14.7
613,Jordan Hall,IT,32,Female,Hybrid,32.1,4.9,5,3.1,2,56.0,7.2,2022-03-17,38.2
614,Melissa Wells,Operations,41,Female,Onsite,37.8,7.2,5,1.5,10,61.9,8.0,2022-01-04,34.3
615,Patrick Ramirez,Operations,41,Female,Remote,39.0,9.4,3,3.2,5,89.1,1.3,2020-09-24,4.7
616,Kylie Thomas,IT,55,Male,Onsite,30.7,4.1,0,9.1,8,70.0,3.8,2021-04-14,28.3
617,Thomas Morales,Marketing,38,Other,Onsite,41.0,0.4,5,2.9,3,67.3,2.9,2024-01-03,16.2
618,Hannah Cisneros,Finance,24,Female,Hybrid,39.0,6.0,1,2.3,11,76.3,8.5,2024-11-05,11.4
619,James Thompson,Marketing,36,Male,Hybrid,43.6,5.9,3,7.7,11,95.9,1.6,2023-06-15,12.9
620,Evan Clark,HR,34,Other,Onsite,42.2,9.3,2,7.0,6,51.4,9.9,2021-06-06,3.3
621,Kelsey May,IT,30,Female,Hybrid,35.9,8.1,1,9.1,9,52.6,2.3,2023-05-11,2.3
622,Austin Stout,R&D,51,Male,Onsite,39.2,9.3,3,9.9,11,98.3,7.3,2024-04-12,7.0
623,Kathryn Page,R&D,44,Other,Remote,42.5,7.4,0,6.1,4,68.4,6.2,2024-08-10,19.7
624,Susan Davidson,R&D,60,Other,Onsite,32.3,2.5,3,4.4,1,54.3,2.6,2025-05-22,17.8
625,Tracy Hoffman,Operations,53,Female,Remote,31.3,3.0,2,5.3,12,50.5,1.3,2025-07-31,24.3
626,Matthew Reynolds,Sales,23,Male,Hybrid,38.1,5.2,1,8.3,2,47.8,4.9,2023-05-12,15.4
627,Toni Everett,Marketing,27,Male,Onsite,32.5,0.6,3,6.7,9,67.9,7.0,2025-05-14,4.7
628,Charles Paul,Finance,52,Female,Hybrid,48.1,9.6,0,4.2,7,83.6,3.1,2020-11-16,15.4
629,Lisa Lynn,IT,56,Male,Onsite,45.6,7.9,3,9.7,0,57.2,5.5,2025-03-19,15.6
630,Brandy Miller,IT,51,Female,Remote,40.8,9.5,4,8.6,8,92.2,3.5,2020-09-16,20.7
631,Christopher Parker,Sales,31,Female,Onsite,48.0,1.4,1,4.1,2,76.3,6.2,2025-04-30,28.9
632,Aaron Maddox,Finance,25,Male,Onsite,36.9,6.1,3,0.2,11,42.5,8.0,2025-02-23,24.2
633,Jessica Brown,IT,27,Other,Onsite,48.8,9.3,3,6.7,1,82.0,2.5,2025-07-25,37.3
634,James Bennett,Marketing,38,Male,Remote,46.1,5.4,1,3.6,9,42.4,6.6,2022-07-16,2.9
635,Lauren Solis,Finance,48,Male,Onsite,41.6,3.5,5,2.9,7,65.5,7.3,2023-05-24,16.0
636,Austin Robertson,HR,41,Male,Remote,37.3,7.7,1,6.0,11,84.7,2.6,2025-08-13,20.7
637,Jennifer Knapp,Marketing,57,Other,Hybrid,44.3,3.0,4,0.9,7,81.3,9.9,2020-11-14,39.2
638,Chad Proctor,Operations,25,Other,Onsite,33.1,2.7,4,3.6,8,50.0,4.7,2023-07-22,25.2
639,Nicole Bell,IT,29,Other,Hybrid,38.7,7.7,5,1.3,12,55.1,8.4,2024-01-25,31.7
640,Christopher Li,IT,28,Female,Remote,42.9,2.0,2,7.0,8,61.4,8.0,2020-08-31,5.3
641,Lisa Brooks,R&D,58,Male,Remote,43.3,8.5,1,5.6,12,76.5,9.0,2022-10-11,12.3
642,Daniel Robinson,R&D,24,Female,Hybrid,40.1,0.2,0,1.2,6,62.1,3.4,2024-01-28,2.6
643,Scott Sparks,Sales,53,Male,Hybrid,34.8,1.3,5,4.2,8,56.5,1.5,2022-03-29,31.1
644,Anthony Rush,R&D,50,Other,Onsite,46.1,7.2,0,6.9,2,55.6,10.0,2024-02-22,38.5
645,Alejandro Bradley,Sales,22,Female,Hybrid,31.8,2.9,5,4.1,9,80.1,3.8,2023-12-11,2.4
646,Miranda Wilson,R&D,43,Male,Hybrid,30.9,9.5,3,3.1,8,75.4,1.4,2023-08-05,31.8
647,Lauren Ayala,R&D,38,Other,Remote,32.1,2.4,3,6.8,0,52.5,5.4,2023-11-11,11.7
648,Scott Rios,HR,47,Female,Hybrid,38.5,6.9,5,0.7,4,64.9,2.2,2024-12-04,34.1
649,Joseph Ortiz,HR,41,Other,Onsite,31.1,4.7,2,6.3,12,67.1,7.8,2022-05-09,14.8
650,William Medina,HR,33,Female,Onsite,41.5,1.7,3,3.2,0,48.3,6.4,2024-06-15,0.8
651,Michelle Miller,Marketing,46,Male,Onsite,42.8,3.6,2,7.9,2,93.9,2.9,2025-01-01,18.8
652,Melissa Cardenas,Finance,55,Male,Hybrid,33.0,0.5,2,1.1,2,98.2,2.6,2022-03-25,24.9
653,Chelsea Harmon,IT,31,Other,Onsite,35.1,3.6,0,8.8,11,65.4,7.8,2024-03-02,36.0
654,Jennifer Obrien,Marketing,24,Female,Onsite,33.5,4.0,5,5.0,11,85.4,7.9,2023-01-09,31.9
655,Paul Davidson,IT,60,Other,Onsite,35.5,4.2,4,6.9,12,58.1,4.9,2024-04-09,20.3
656,Krystal Ford,Finance,44,Other,Remote,41.7,2.9,4,3.4,6,65.2,6.0,2022-07-16,1.7
657,Donna Miller,IT,55,Female,Hybrid,30.1,7.2,5,2.8,8,82.6,8.1,2022-12-16,33.8
658,Sara Garcia,Marketing,52,Male,Hybrid,48.3,3.2,3,7.1,4,60.0,5.5,2023-09-29,2.9
659,April Bennett,Sales,32,Other,Remote,49.2,4.2,0,1.9,10,95.8,6.1,2024-09-21,8.9
660,Wendy Potter,Marketing,44,Female,Hybrid,40.2,0.9,1,7.8,4,80.8,9.6,2024-10-29,34.7
661,Terry Evans,Operations,31,Other,Onsite,46.2,2.7,2,1.0,2,82.6,7.4,2021-07-27,0.8
662,Brian Tucker,HR,47,Female,Remote,43.2,2.5,5,8.7,9,45.4,8.3,2023-02-14,29.6
663,Thomas Holland,Marketing,34,Female,Onsite,40.7,5.4,4,1.8,11,85.6,6.3,2025-08-12,14.2
664,Jose Cox,Marketing,38,Female,Onsite,47.4,1.1,1,4.7,12,59.8,3.9,2022-05-30,9.0
665,Cassie Austin,Marketing,40,Other,Hybrid,49.2,0.9,2,3.1,1,86.1,2.3,2020-10-29,14.8
666,Victoria Johnson,Finance,29,Other,Onsite,35.9,4.1,4,8.5,10,65.0,5.5,2025-07-11,37.8
667,Kimberly Boone,R&D,58,Other,Hybrid,32.0,3.3,4,6.5,11,88.4,2.6,2025-03-23,1.4
668,Eddie Cordova,Operations,55,Male,Remote,49.1,1.7,3,2.1,8,43.8,8.6,2024-12-19,36.8
669,Jessica Irwin,Marketing,49,Other,Remote,33.7,2.8,5,6.8,11,90.8,6.4,2024-12-21,39.0
670,Robert Walton,Operations,27,Other,Remote,30.7,8.5,0,7.7,12,68.9,8.6,2022-11-02,35.7
671,Patrick Brooks,Sales,40,Other,Remote,34.2,9.1,4,3.9,6,66.8,8.2,2023-01-14,33.6
672,Stanley Shaffer,IT,38,Male,Remote,46.8,8.3,1,6.7,3,85.1,7.5,2023-02-11,26.9
673,Hannah Parsons,IT,51,Male,Remote,48.3,7.5,2,5.8,10,80.0,9.8,2023-03-27,27.2
674,Joseph Mcconnell,Operations,33,Female,Hybrid,47.8,0.9,2,0.1,4,49.1,3.6,2021-12-30,38.1
675,Amber Gray,Marketing,32,Other,Hybrid,42.6,7.0,4,4.2,10,49.4,9.8,2024-05-10,35.0
676,John Johnston,Operations,38,Female,Hybrid,46.4,4.9,4,5.8,6,54.0,2.6,2023-05-30,27.6
677,Shannon Torres,R&D,43,Other,Onsite,37.5,6.1,5,5.4,6,75.1,6.8,2024-10-05,33.1
678,Dalton Mitchell,Finance,58,Female,Onsite,35.8,1.7,0,1.8,9,62.1,2.6,2024-04-05,31.0
679,Edward Alvarez,R&D,53,Female,Hybrid,41.2,5.6,1,3.2,11,46.8,5.2,2023-08-17,26.8
680,Kevin Johnson,Marketing,57,Female,Hybrid,47.4,7.9,2,7.2,10,93.9,5.5,2020-11-20,5.4
681,Philip Robinson,Sales,26,Male,Remote,37.2,5.1,2,4.7,1,52.0,2.9,2024-08-29,9.7
682,Tammie Burch,Operations,44,Other,Hybrid,44.5,2.3,0,8.8,4,71.8,7.1,2021-07-03,6.1
683,Lori Lopez,HR,22,Male,Onsite,31.1,3.7,0,1.3,4,51.7,6.5,2022-05-20,17.6
684,Daniel Davenport,HR,51,Male,Onsite,43.0,1.0,5,8.1,3,45.0,1.6,2021-05-26,32.2
685,John Kent,HR,37,Other,Onsite,47.6,1.0,1,8.4,7,91.4,9.1,2022-08-10,29.7
686,Eric Davis,HR,35,Other,Remote,45.9,9.9,2,4.8,2,59.0,2.8,2020-09-20,31.4
687,Amanda Edwards,R&D,37,Other,Remote,47.9,2.9,3,4.1,1,66.9,3.7,2022-07-27,37.2
688,Kevin Reyes,Finance,24,Other,Onsite,35.2,6.9,4,4.8,7,97.7,1.7,2024-07-09,19.2
689,Jennifer Holmes,HR,28,Other,Onsite,46.8,9.2,5,0.7,1,99.5,4.4,2022-11-17,32.6
690,Deanna Johnson,HR,24,Other,Remote,32.8,1.7,5,3.2,0,54.3,1.6,2024-11-11,21.9
691,Kevin Sims,Operations,52,Male,Onsite,40.8,3.1,0,1.6,3,92.1,1.2,2023-12-11,14.9
692,Dale Gonzalez,IT,29,Other,Onsite,32.6,9.3,4,6.6,0,59.1,1.2,2021-01-26,0.9
693,Krystal Skinner,HR,56,Other,Hybrid,30.8,8.5,1,1.0,3,89.3,8.8,2024-07-30,23.6
694,Joshua Carlson,Marketing,38,Male,Hybrid,31.5,5.9,2,2.8,0,62.2,7.3,2022-12-07,22.4
695,Olivia Martinez,HR,27,Other,Onsite,41.2,9.4,1,6.3,1,68.6,5.6,2023-04-09,0.6
696,Alexander Williams,Sales,55,Other,Onsite,39.3,2.4,5,8.4,11,80.6,5.3,2023-04-16,34.8
697,Jose Martin,HR,32,Male,Onsite,36.3,9.6,1,0.1,9,67.6,3.4,2022-10-18,25.1
698,Joseph Ward,Operations,48,Male,Hybrid,37.0,2.0,3,6.5,9,51.6,5.4,2021-10-18,29.3
699,Timothy Pollard,Sales,38,Other,Remote,38.8,7.8,4,0.2,2,70.2,5.2,2020-10-11,16.6
700,Stephanie Edwards,Operations,30,Female,Hybrid,34.1,0.6,2,1.9,3,91.2,1.7,2022-06-23,24.4
701,Stephanie Smith,R&D,25,Other,Onsite,37.4,1.5,2,6.7,9,80.2,8.6,2021-05-22,19.4
702,Jacob Skinner,R&D,25,Male,Hybrid,39.4,8.5,2,9.0,1,59.2,5.8,2024-09-01,24.4
703,Ian Jenkins,IT,44,Female,Remote,46.2,3.6,0,4.1,11,44.1,2.5,2023-04-13,7.7
704,Kimberly Lee,Marketing,34,Female,Remote,45.0,8.3,2,1.3,3,79.0,6.3,2025-01-31,35.8
705,Stephanie Anderson,Finance,48,Female,Remote,30.4,0.6,5,1.9,4,46.7,7.6,2024-10-31,33.2
706,Ricky Ramirez,Operations,54,Female,Remote,49.1,7.9,5,5.5,1,82.9,9.5,2021-03-18,24.5
707,Lauren Davis,Sales,34,Other,Onsite,33.0,5.7,5,4.7,5,56.5,3.4,2020-10-27,8.5
708,Brittney Harris,Sales,33,Female,Hybrid,47.4,5.3,3,9.4,6,55.5,3.9,2022-02-06,38.4
709,Trevor Roberts,Finance,55,Female,Hybrid,45.8,0.0,3,9.2,0,78.8,6.5,2025-08-31,23.7
710,Mike Calhoun,IT,36,Female,Hybrid,44.6,8.2,1,9.8,3,85.9,5.6,2025-07-20,23.7
711,Anna Johnson,HR,41,Male,Onsite,36.8,0.0,4,0.4,6,46.8,5.2,2020-10-19,11.3
712,Robert Alvarado,IT,36,Male,Remote,30.2,7.0,0,4.2,4,62.9,7.4,2025-02-08,17.4
713,Amanda Guerrero,Finance,34,Other,Remote,42.6,6.4,0,5.0,10,89.1,9.7,2023-11-25,33.0
714,Gabriel Hamilton,Operations,32,Female,Hybrid,42.8,0.1,1,5.0,0,93.7,6.0,2022-04-16,14.8
715,Suzanne Hill,Finance,57,Female,Onsite,31.6,8.4,2,4.0,12,47.2,6.1,2024-09-02,8.3
716,Stephanie Adams,Operations,24,Other,Remote,31.1,8.0,0,4.4,9,64.6,8.6,2021-07-18,10.8
717,Lisa Phillips,HR,39,Male,Hybrid,35.0,4.7,3,8.8,11,44.0,2.7,2025-01-04,37.2
718,Nicholas Wolfe,Finance,59,Female,Hybrid,47.1,9.1,0,1.6,0,82.6,1.6,2020-11-18,5.5
719,Justin Bryant,Finance,22,Female,Hybrid,38.5,2.2,5,3.0,4,84.7,1.9,2025-04-06,17.6
720,Diane Rodriguez,Operations,54,Other,Remote,41.8,6.3,0,9.5,11,77.0,6.8,2023-07-05,18.5
721,Douglas Davenport,IT,57,Male,Hybrid,40.9,8.0,3,1.5,6,89.1,2.5,2024-11-03,1.7
722,Ryan Gross,R&D,23,Female,Onsite,33.3,3.8,4,2.3,0,56.7,5.0,2020-12-17,16.1
723,Carlos Kelly,Finance,43,Other,Onsite,31.9,1.5,0,2.5,0,90.3,3.6,2022-10-15,6.4
724,Michael Garner,Finance,40,Male,Remote,35.8,6.7,5,2.0,12,94.3,5.2,2025-06-26,28.4
725,Andrea Miller,R&D,29,Female,Onsite,38.0,2.3,3,9.3,4,76.7,9.5,2021-04-13,24.0
726,Amy Haynes,Sales,35,Female,Onsite,42.6,0.3,3,4.6,6,70.5,2.4,2024-01-06,10.7
727,Oscar Williams,Finance,43,Other,Remote,31.3,3.6,2,1.5,2,48.1,2.4,2021-09-03,15.9
728,Roger Oconnor,IT,57,Other,Onsite,30.5,3.5,0,8.8,2,56.8,3.0,2021-11-18,24.7
729,Charles Ortiz,Finance,59,Female,Remote,37.0,2.3,0,2.8,11,61.4,1.4,2024-07-11,19.0
730,Megan Hayes,IT,55,Female,Onsite,36.6,0.9,4,3.3,4,68.3,1.4,2022-01-13,18.2
731,Gina Bowers,Marketing,55,Other,Remote,31.9,7.0,1,4.5,9,60.8,2.8,2021-01-07,24.0
732,Justin Walker,Operations,25,Female,Onsite,43.2,6.7,5,7.3,9,67.4,6.0,2023-02-10,12.0
733,Dennis Woods,Marketing,53,Female,Onsite,36.9,7.9,5,7.9,4,78.0,3.3,2025-03-19,36.8
734,Chad Fleming,Operations,40,Male,Hybrid,35.4,9.8,2,4.0,5,84.2,5.9,2023-06-24,16.4
735,Julie Marshall,IT,49,Male,Onsite,45.0,2.2,1,7.6,3,70.5,3.7,2024-06-08,24.6
736,Yolanda Brooks,R&D,57,Male,Onsite,38.1,2.3,4,5.6,10,62.1,6.1,2024-02-17,24.6
737,David Ortiz,HR,22,Other,Remote,33.6,9.7,5,3.0,12,80.3,1.7,2023-08-05,20.9
738,Guy Herring,Marketing,56,Male,Hybrid,31.2,5.4,4,1.9,5,46.3,3.8,2024-04-26,7.7
739,Troy Dougherty,HR,58,Male,Onsite,34.2,6.9,5,0.6,4,77.1,7.6,2021-01-21,25.2
740,John Anderson,R&D,22,Male,Hybrid,46.7,2.4,5,0.5,5,47.3,3.6,2023-11-16,38.8
741,Lindsey Deleon,HR,47,Female,Hybrid,47.8,6.0,5,2.4,5,74.8,8.3,2022-01-13,6.5
742,Kimberly Arellano,IT,58,Other,Hybrid,48.7,4.7,2,6.6,10,55.9,7.9,2024-04-10,3.9
743,Julie Barnes,Marketing,50,Other,Onsite,45.8,2.4,5,9.6,0,91.9,3.7,2021-08-11,26.8
744,David Monroe,Finance,46,Male,Onsite,46.9,7.4,3,4.0,12,64.3,4.4,2021-05-31,31.0
745,Linda Tyler,R&D,25,Other,Hybrid,48.8,8.8,0,1.1,6,87.3,8.2,2021-01-30,19.2
746,Emily Shepherd,Operations,56,Female,Hybrid,39.4,7.8,0,5.7,2,57.3,6.7,2023-10-14,4.3
747,Tanya Myers,Marketing,51,Female,Hybrid,33.1,8.1,5,6.2,7,59.6,7.6,2022-01-19,38.1
748,David Chan,HR,45,Female,Remote,48.4,3.5,5,8.9,5,98.4,8.5,2020-11-30,8.3
749,Scott Reid,Sales,39,Male,Hybrid,46.4,5.3,0,1.5,2,89.5,3.6,2025-05-04,8.7
750,Jonathan Morgan,HR,38,Male,Onsite,40.1,3.7,2,7.9,7,82.9,8.9,2024-01-22,25.5
751,Jason Schmidt,R&D,22,Male,Hybrid,48.8,5.6,5,8.2,11,53.0,2.0,2024-04-20,34.4
752,Jesse Morris,Sales,51,Male,Onsite,33.9,9.4,2,6.3,4,60.8,7.9,2023-05-26,25.8
753,Lawrence Smith,Sales,34,Female,Hybrid,40.4,0.1,0,7.2,11,55.2,8.0,2023-06-26,24.7
754,Julie Meadows,Marketing,35,Female,Remote,42.1,7.3,4,5.7,7,50.0,8.2,2021-02-26,17.9
755,Isabella Mason,Marketing,51,Other,Remote,46.3,2.9,5,1.9,1,87.3,2.1,2025-04-04,26.5
756,Shelby Davis,Operations,54,Female,Remote,33.5,1.9,3,8.4,1,86.5,2.3,2023-09-21,8.2
757,Alyssa Rosales,IT,42,Female,Remote,32.6,7.2,0,8.5,12,46.5,9.6,2020-09-09,35.8
758,Justin Rogers,Sales,46,Male,Remote,42.4,1.6,1,5.5,5,56.0,6.7,2025-03-30,29.5
759,Jennifer Saunders DVM,IT,52,Other,Hybrid,35.5,7.6,1,7.3,0,77.0,3.0,2024-10-09,17.7
760,Janet Dean,IT,51,Female,Hybrid,39.2,3.3,1,8.7,10,60.2,8.2,2023-02-11,17.3
761,Brandi Schneider,Finance,24,Male,Onsite,38.1,7.2,0,5.0,8,97.1,6.7,2024-07-25,0.4
762,Yvonne Davis,Finance,39,Other,Hybrid,41.5,1.1,4,8.8,5,51.6,2.7,2025-06-11,7.5
763,Tanner Nash,Finance,28,Other,Remote,39.2,2.9,4,4.1,2,66.9,1.2,2021-05-17,4.1
764,Teresa Johnson,Operations,48,Other,Remote,31.8,9.7,2,0.5,12,50.6,6.2,2024-01-01,18.0
765,Lori White,Marketing,24,Other,Onsite,44.2,6.9,2,4.7,3,72.4,1.7,2024-12-01,22.3
766,Dr. Ronald Anderson DDS,Sales,28,Other,Hybrid,47.0,7.8,4,0.5,12,51.8,7.7,2023-01-22,22.6
767,Jordan Hughes,R&D,39,Male,Hybrid,30.3,4.5,5,3.2,9,85.2,2.5,2024-01-30,19.4
768,Selena Thomas,Marketing,48,Female,Remote,45.0,6.9,4,2.2,7,59.6,1.3,2025-06-02,1.5
769,Christopher Maxwell,R&D,51,Female,Onsite,37.7,5.7,4,5.8,7,47.7,7.2,2021-10-13,24.7
770,Paige Ortiz,R&D,33,Other,Hybrid,45.4,7.4,5,1.4,3,79.3,6.1,2023-09-22,8.1
771,Hailey Williams,R&D,38,Female,Remote,42.0,0.4,5,2.4,1,55.2,1.8,2025-04-01,2.4
772,Kevin French,Finance,37,Female,Onsite,32.4,7.8,5,5.2,12,64.1,8.1,2021-07-15,27.7
773,Ashley Sharp,Sales,37,Male,Hybrid,47.4,9.3,1,5.4,5,76.4,9.2,2023-01-20,32.3
774,Kevin Murray,IT,59,Male,Hybrid,36.7,1.2,4,6.0,1,62.3,8.9,2025-06-27,36.2
775,Robert Meadows,HR,23,Other,Hybrid,43.9,4.5,2,7.7,2,42.4,9.3,2022-06-06,5.0
776,Luis Freeman,HR,49,Male,Hybrid,35.8,1.6,1,0.4,7,67.6,2.2,2025-03-26,30.8
777,Daniel Turner,IT,50,Male,Hybrid,36.6,3.7,3,4.4,9,74.8,1.2,2022-04-24,10.7
778,Jon Hanna,IT,42,Other,Remote,48.0,3.0,4,9.5,2,83.6,5.6,2025-06-17,17.3
779,Glenn Sexton,Marketing,43,Female,Hybrid,40.4,9.0,0,2.2,6,80.2,2.3,2024-01-18,31.3
780,Joshua Henderson,Sales,44,Other,Hybrid,46.6,6.0,2,6.2,5,40.6,4.5,2021-07-08,31.1
781,Kyle Riley,Operations,52,Female,Onsite,35.9,0.4,1,1.1,3,68.5,9.4,2022-09-09,6.7
782,Justin Knight,Operations,54,Female,Hybrid,38.3,8.4,1,2.8,6,43.5,7.1,2022-11-14,26.0
783,Alicia Henderson,HR,54,Male,Onsite,43.9,2.4,3,2.2,1,94.2,2.8,2020-09-03,24.7
784,Joseph Smith,Sales,48,Female,Remote,49.7,4.7,1,9.5,4,44.5,2.1,2022-04-06,12.0
785,Roberta Bell,R&D,39,Female,Onsite,40.3,9.7,3,5.0,0,45.1,8.5,2024-10-15,30.1
786,Lisa Coleman,Operations,23,Other,Remote,33.8,7.6,3,7.4,2,66.5,5.6,2023-07-12,13.2
787,Dakota Woods,Marketing,39,Other,Remote,45.8,5.8,2,8.8,2,93.8,2.2,2020-11-25,23.4
788,Willie Bright,R&D,48,Male,Onsite,37.9,1.0,1,2.4,9,75.5,6.4,2023-09-16,14.7
789,Susan Dominguez,Operations,37,Female,Hybrid,34.9,5.9,1,3.9,4,96.3,9.4,2021-12-04,38.6
790,Mr. Jimmy Fisher,R&D,50,Other,Hybrid,36.3,4.1,3,1.8,4,92.2,9.7,2021-04-28,16.0
791,Tammy Lowery,R&D,23,Other,Onsite,40.6,6.0,0,1.5,6,94.7,10.0,2021-03-30,21.8
792,William Ramirez,Sales,49,Other,Onsite,31.4,6.0,2,0.5,5,89.8,2.7,2021-12-26,35.5
793,Leah Freeman,IT,31,Female,Onsite,40.9,7.5,0,7.8,8,44.8,5.5,2025-02-07,26.4
794,Leslie Miller,Finance,41,Male,Onsite,34.6,9.9,3,9.0,7,77.4,2.2,2025-07-25,13.9
795,Caroline Lester,IT,52,Male,Onsite,32.2,3.2,3,8.5,8,91.6,6.9,2020-09-03,6.7
796,Reginald Jones,HR,31,Female,Onsite,45.3,2.4,2,2.5,0,53.8,6.6,2022-12-30,5.6
797,Ronald Wilson,Finance,24,Female,Hybrid,36.8,3.2,3,8.5,2,42.6,2.5,2025-06-17,30.9
798,Renee Barber,R&D,51,Male,Onsite,40.1,7.7,0,6.0,3,97.8,1.1,2024-01-17,22.1
799,Charlene Tucker,Marketing,44,Female,Remote,45.4,8.2,5,4.4,7,95.6,2.8,2023-02-19,17.0
800,Shane Dunlap,Operations,29,Female,Hybrid,30.6,9.1,4,4.8,3,81.2,1.2,2024-04-14,36.1
801,Lindsey Ingram,Finance,51,Male,Hybrid,42.3,4.0,3,6.6,0,93.6,1.9,2023-02-18,17.8
802,Mary Kramer,Marketing,51,Male,Remote,39.9,6.6,1,4.2,1,89.6,6.8,2022-03-05,32.0
803,Michelle Anderson,Sales,59,Other,Remote,35.6,2.3,3,0.7,5,95.0,4.3,2023-05-04,30.9
804,James Graham,Sales,46,Male,Hybrid,48.5,5.6,5,3.4,4,60.2,9.3,2024-01-06,15.3
805,Crystal Campbell,HR,37,Other,Hybrid,33.1,4.8,1,9.3,10,57.8,4.2,2023-12-18,19.4
806,Robin Ross,R&D,34,Male,Hybrid,43.1,9.3,4,8.9,1,88.4,1.7,2021-11-11,33.7
807,Christina Christian,Operations,22,Other,Remote,34.9,0.2,5,5.5,1,45.4,2.1,2020-12-09,15.9
808,Chad Henderson,IT,54,Female,Remote,45.6,7.6,5,7.4,4,61.8,5.8,2023-06-23,22.6
809,Taylor Evans,Finance,42,Male,Remote,42.9,7.7,1,0.4,8,97.0,6.1,2023-02-02,29.2
810,Morgan Diaz,HR,41,Other,Hybrid,33.8,3.8,4,2.8,2,84.1,4.1,2021-08-06,24.8
811,Dennis Fowler Jr.,Sales,51,Other,Hybrid,39.1,1.1,5,5.5,10,49.5,5.4,2021-06-06,19.2
812,Ashley Mcdaniel,Operations,50,Other,Onsite,32.1,5.4,1,5.8,10,67.2,4.1,2023-07-17,31.0
813,Brian Williams,Operations,32,Female,Onsite,45.5,2.1,4,9.0,5,74.8,4.4,2023-12-28,15.8
814,Angela Christensen,R&D,44,Male,Hybrid,35.7,0.8,4,5.9,10,90.6,3.8,2021-03-08,5.8
815,Erica Harding,Marketing,41,Other,Onsite,33.8,5.5,5,2.2,8,76.4,1.8,2020-12-03,24.6
816,Sabrina Harris,Marketing,56,Other,Onsite,38.5,6.7,1,1.7,12,77.8,5.7,2024-12-23,21.1
817,Melanie Beasley,HR,53,Male,Remote,32.2,0.2,2,0.4,6,89.3,7.2,2023-11-09,32.8
818,Zachary Henry,Finance,28,Other,Onsite,38.6,6.4,0,6.6,12,98.1,1.3,2021-06-12,7.6
819,Denise Martinez,Marketing,27,Other,Onsite,42.3,6.7,5,9.8,6,91.4,8.7,2024-05-16,13.3
820,Terri Smith,Sales,39,Male,Remote,32.0,9.6,5,4.9,8,82.7,7.6,2021-10-05,24.8
821,Jesus Banks,Marketing,32,Female,Remote,46.8,0.5,0,3.9,8,94.8,9.7,2020-12-19,37.5
822,Thomas Stewart,R&D,26,Female,Remote,43.1,2.9,0,0.6,6,59.7,3.5,2021-02-26,13.7
823,Brooke King,IT,58,Other,Onsite,47.5,6.5,5,2.9,9,86.8,7.8,2020-11-08,39.7
824,Paul Reilly,Finance,50,Male,Hybrid,47.8,7.5,0,6.1,12,97.3,1.3,2023-05-14,14.2
825,Jared Vargas,R&D,57,Male,Onsite,37.8,9.9,1,7.2,12,47.8,9.8,2025-07-23,32.4
826,Richard Duarte,Finance,44,Female,Hybrid,33.6,5.6,5,6.5,11,88.7,4.4,2025-08-03,10.4
827,Andrew Parks,Marketing,23,Female,Onsite,30.1,7.0,5,3.3,1,76.9,3.8,2023-01-13,15.9
828,Heather Hardy,HR,56,Male,Onsite,32.1,4.6,2,9.1,0,40.2,1.5,2024-08-24,22.1
829,Molly Sosa,Marketing,53,Female,Onsite,42.7,8.0,2,7.1,2,69.6,7.3,2022-03-18,18.4
830,Troy Robinson,Sales,35,Other,Hybrid,42.1,7.9,3,1.1,7,55.1,3.0,2022-05-22,5.7
831,Tiffany Thompson,IT,43,Female,Onsite,36.4,0.2,1,4.3,4,91.4,1.5,2020-10-22,5.9
832,Lisa Lopez,R&D,57,Male,Onsite,42.2,4.2,5,7.2,7,41.0,2.8,2024-06-03,29.7
833,Troy Wu,HR,46,Female,Onsite,37.2,0.7,5,5.2,3,44.9,6.8,2024-09-17,4.9
834,Nicole Howard,HR,40,Other,Hybrid,42.0,8.2,3,4.6,4,96.3,6.2,2023-01-27,31.3
835,Thomas Reyes,Operations,46,Female,Remote,37.4,3.4,5,4.4,3,94.4,5.2,2024-01-08,36.3
836,Cody Kim,HR,58,Female,Onsite,38.0,4.5,4,9.3,0,62.1,6.9,2022-09-07,37.4
837,Andrew Wiggins,R&D,28,Other,Remote,41.0,1.2,5,0.5,4,82.6,3.2,2024-05-15,5.8
838,Brandon Copeland,Operations,51,Male,Remote,40.2,8.9,4,8.2,6,81.4,5.5,2021-06-06,3.5
839,Terry Harris,Marketing,58,Female,Remote,32.3,6.3,2,9.0,4,75.1,8.7,2024-08-17,23.2
840,Lisa Anderson,IT,38,Male,Remote,38.1,4.9,1,8.3,9,87.7,9.9,2023-04-26,20.9
841,Alyssa Valdez,IT,54,Male,Hybrid,44.0,0.3,2,6.6,2,77.5,3.1,2022-07-23,24.6
842,Sheri Stark,HR,52,Male,Hybrid,30.5,8.5,3,4.7,11,46.2,2.5,2025-02-05,38.1
843,Julia Krause,Finance,50,Female,Remote,44.8,8.1,0,7.6,6,79.8,1.8,2023-10-20,8.6
844,Melissa Lewis,HR,25,Male,Remote,39.3,9.0,5,6.9,8,57.8,5.7,2021-06-16,0.7
845,Jason Miller,IT,49,Female,Hybrid,36.3,2.4,3,5.3,6,77.6,1.9,2022-03-29,13.2
846,Lindsey Flowers,R&D,54,Male,Remote,32.1,1.6,0,6.4,1,85.3,8.2,2023-04-13,3.1
847,Melinda Edwards,R&D,35,Male,Onsite,30.6,2.3,0,1.6,7,82.9,2.1,2023-02-11,33.2
848,Richard Garcia,Finance,26,Female,Onsite,38.8,2.3,3,6.1,6,62.3,9.0,2020-12-12,2.8
849,Anna Anderson,Sales,60,Male,Remote,30.8,7.6,5,0.0,3,99.7,3.5,2024-07-21,20.0
850,Nathan Dunn,Marketing,27,Other,Remote,33.2,4.6,1,0.7,5,96.0,9.4,2025-05-16,6.0
851,James Gill,Operations,46,Other,Remote,34.2,8.0,2,3.2,4,92.4,3.4,2022-01-20,36.1
852,Steven Smith,Marketing,26,Female,Onsite,48.9,8.0,1,0.9,6,90.5,4.5,2025-03-05,3.6
853,Lori Hart,Marketing,32,Male,Hybrid,35.2,5.4,2,4.6,12,78.2,9.5,2024-11-28,17.2
854,Scott Whitney,Sales,53,Male,Remote,39.1,2.6,5,3.4,2,64.7,5.8,2023-03-29,13.5
855,Bonnie Avila,Sales,33,Other,Onsite,31.5,8.8,0,0.7,6,79.5,6.2,2021-01-21,31.4
856,Ms. Ashley Craig,R&D,39,Other,Onsite,31.4,7.3,4,3.4,8,51.8,4.4,2025-05-27,8.0
857,Paula Fowler,Finance,24,Other,Remote,32.4,2.5,3,3.8,11,85.9,9.4,2024-05-12,37.0
858,Sarah Marks,IT,58,Other,Hybrid,38.1,8.2,4,6.1,0,83.7,5.6,2021-07-26,4.2
859,Patrick Macias,Marketing,54,Male,Remote,34.8,7.5,4,7.7,3,65.5,5.2,2020-10-21,32.4
860,Michael Baker,Marketing,23,Other,Hybrid,32.3,5.1,0,1.0,8,82.0,6.0,2024-06-29,3.1
861,Roberto Rodgers,Sales,48,Female,Remote,48.3,1.3,2,7.8,10,65.2,8.3,2022-04-17,25.4
862,Peter Hill,IT,27,Female,Remote,37.8,1.0,3,9.9,8,82.5,9.6,2022-01-30,9.4
863,Tara Massey,Operations,58,Female,Remote,33.1,2.9,0,8.2,7,75.9,5.3,2024-12-01,24.0
864,Kathleen Todd,Marketing,60,Male,Onsite,30.1,1.7,3,0.5,8,91.9,8.4,2025-05-30,20.6
865,Katelyn Cox,R&D,53,Other,Onsite,40.1,8.0,0,1.6,3,96.6,1.3,2025-03-27,6.8
866,Francisco Williams,Sales,49,Female,Remote,45.9,0.1,1,7.2,0,92.4,3.1,2022-01-22,14.9
867,Stephanie Gonzalez,IT,52,Other,Onsite,49.1,6.2,4,3.2,4,61.4,8.2,2025-01-05,14.6
868,Joshua Young,Marketing,38,Female,Onsite,45.4,7.1,4,6.5,8,51.6,8.0,2025-04-06,10.1
869,Joseph Brooks,HR,36,Female,Onsite,32.1,6.8,3,9.8,8,46.6,3.5,2024-11-16,14.6
870,Sarah Anderson,IT,34,Female,Remote,33.6,6.3,1,7.0,9,45.9,5.2,2023-06-10,0.0
871,Steven Rice,Operations,56,Other,Remote,47.2,7.7,1,4.5,2,56.2,9.6,2024-01-07,19.4
872,Angela Dickerson,Operations,29,Male,Remote,37.6,7.6,5,1.4,1,64.6,5.9,2024-11-17,21.6
873,Anthony Hill,Sales,48,Male,Hybrid,37.1,3.2,2,9.3,2,44.6,7.8,2025-01-26,14.1
874,Matthew Cuevas,Sales,34,Female,Hybrid,40.5,3.9,4,6.5,5,42.5,7.8,2023-10-21,35.3
875,Paige Garcia,Sales,22,Other,Hybrid,48.6,4.0,0,4.1,0,70.0,2.7,2021-11-02,6.3
876,Michael Nelson,Sales,43,Other,Onsite,48.0,5.7,3,5.8,8,52.0,3.4,2023-08-12,19.7
877,Jeffrey Nelson,Operations,24,Other,Remote,49.8,5.2,2,4.4,5,46.3,2.3,2023-01-24,13.7
878,Natalie Williams,Operations,24,Female,Remote,44.9,6.2,0,6.1,2,91.8,5.7,2021-03-04,20.3
879,Daniel Butler,IT,58,Other,Hybrid,31.0,0.5,3,2.8,0,45.4,7.8,2021-11-06,20.9
880,Gina Roberts,Operations,60,Male,Hybrid,48.7,7.4,1,6.2,7,45.6,3.2,2022-08-26,29.5
881,John Rodriguez MD,Finance,34,Female,Onsite,49.1,1.8,3,8.6,2,57.4,7.8,2025-02-20,12.7
882,Shelly Miller,HR,39,Male,Hybrid,33.0,7.2,0,7.8,10,47.5,8.5,2023-02-02,22.4
883,Sheryl Morrow,Finance,35,Female,Hybrid,31.9,7.0,3,5.5,9,79.3,4.7,2024-07-30,33.4
884,Julie Myers,Marketing,48,Other,Remote,35.3,5.5,2,0.6,0,62.4,1.9,2025-07-25,31.9
885,John Hernandez,HR,56,Male,Onsite,33.9,8.4,5,4.2,5,59.8,1.5,2023-09-22,4.2
886,Stephanie Willis,Marketing,35,Female,Hybrid,49.8,8.5,5,9.6,5,45.9,1.6,2022-08-17,8.1
887,Daniel Mendoza,HR,53,Male,Hybrid,47.4,2.5,4,6.7,9,94.4,2.4,2025-03-10,36.8
888,Sarah Scott DDS,R&D,24,Male,Onsite,37.6,6.9,5,8.7,5,72.4,3.9,2021-09-30,32.4
889,Kristina Holmes,Marketing,54,Female,Remote,36.4,0.7,5,7.9,7,69.9,2.3,2023-05-01,12.6
890,Kristi Villarreal,Finance,53,Female,Onsite,36.8,2.9,4,6.9,11,89.5,9.3,2024-07-28,9.6
891,Erika Mullins,IT,30,Other,Onsite,40.2,0.9,1,8.7,9,52.9,9.5,2023-02-21,23.0
892,Matthew Noble,IT,36,Female,Remote,38.3,8.9,1,9.8,8,51.4,5.1,2021-04-11,4.9
893,Eduardo Barry,Sales,31,Other,Remote,44.6,9.7,3,8.7,4,41.2,3.6,2024-04-05,15.3
894,Samuel Chan,Finance,50,Other,Onsite,47.6,9.5,2,9.4,7,65.9,5.1,2023-11-14,39.8
895,Jeremy Mann,HR,30,Other,Hybrid,39.0,3.0,3,6.9,5,43.2,3.9,2022-03-20,35.1
896,Donald Rodriguez,Finance,60,Other,Hybrid,44.1,7.1,5,2.0,0,62.5,9.0,2025-07-11,37.1
897,Zachary Graham,R&D,44,Other,Remote,31.8,4.7,3,9.6,1,88.1,4.2,2022-03-27,1.7
898,Nicholas Landry,R&D,51,Female,Remote,43.2,8.2,5,4.4,9,83.4,9.0,2023-10-02,38.7
899,Kayla Strong,Marketing,33,Male,Hybrid,44.3,7.5,4,5.4,6,42.5,6.9,2024-02-15,34.8
900,Julie Baldwin,Sales,35,Other,Onsite,40.8,5.7,3,3.3,12,43.7,6.5,2025-03-09,11.6
